# dt (s),ls (dB),QBERI,Pec,maxElev (deg),SKL (b),QBER,phiX,nX,nZ,mX,lambdaEC,sX0,sX1,vZ1,sZ1,mean photon no.,PxA,PxB,P1,P2,P3,mu1,mu2,mu3,eps_c,eps_s,Pap,NoPass,fs (Hz),minElev (deg),shiftElev (deg),SysLoss (dB)
2.000000000000000000e+02,0.000000000000000000e+00,4.000000000000000083e-02,4.999999999999999774e-07,9.000000000000000000e+01,0.000000000000000000e+00,4.063059043019851685e-02,8.094161901722729535e-02,1.198413702748192996e+08,1.515399570722676218e+08,4.869225632229950279e+06,3.408338286958851665e+07,2.102838449165665952e+04,4.313792528546974063e+07,4.394769497586223297e+06,5.460604066290139407e+07,6.584917803117461554e-01,4.706985651435919293e-01,4.706985651435919293e-01,7.338517184012224304e-01,1.848970947804726705e-01,8.125118681830489908e-02,7.972428135125004811e-01,3.971602242845397868e-01,0.000000000000000000e+00,1.000000000000000078e-15,1.000000000000000062e-09,1.000000000000000021e-03,1.000000000000000000e+00,5.000000000000000000e+08,1.000000000000000000e+01,0.000000000000000000e+00,2.014991334333377182e+01
2.100000000000000000e+02,0.000000000000000000e+00,4.000000000000000083e-02,4.999999999999999774e-07,9.000000000000000000e+01,4.036522973036695272e+07,4.081835064974666250e-02,5.734390817084995123e-02,2.217930223481779993e+08,2.393788009563209023e+06,9.053225357875026762e+06,6.329903763154289871e+07,1.118143675679619773e+05,1.515722821192990839e+08,8.747716153279945138e+04,1.569226678918460850e+06,3.255444484558620566e-01,9.058883125136274472e-01,9.058883125136274472e-01,8.555713572073894158e-01,1.201989179168648503e-01,2.422972487574573397e-02,3.664505058789357950e-01,1.000000000000002276e-01,0.000000000000000000e+00,1.000000000000000078e-15,1.000000000000000062e-09,1.000000000000000021e-03,1.000000000000000000e+00,5.000000000000000000e+08,1.000000000000000000e+01,0.000000000000000000e+00,2.014991334333377182e+01
2.200000000000000000e+02,0.000000000000000000e+00,4.000000000000000083e-02,4.999999999999999774e-07,9.000000000000000000e+01,4.068301317403341085e+07,4.083213168922602415e-02,5.738491468522552430e-02,2.238989975072654486e+08,2.396471680073651485e+06,9.142273351302351803e+06,6.391637722080268711e+07,1.174942401190407545e+05,1.529698071616462171e+08,8.760597002039435029e+04,1.570378389451269759e+06,3.258199068537445675e-01,9.062427968146155033e-01,9.062427968146155033e-01,8.558320094792796207e-01,1.200574927638031059e-01,2.411049775691727348e-02,3.666772849128424050e-01,1.000000000000002276e-01,0.000000000000000000e+00,1.000000000000000078e-15,1.000000000000000062e-09,1.000000000000000021e-03,1.000000000000000000e+00,5.000000000000000000e+08,1.000000000000000000e+01,0.000000000000000000e+00,2.014991334333377182e+01
2.000000000000000000e+02,1.428571428571428603e+00,4.000000000000000083e-02,4.999999999999999774e-07,9.000000000000000000e+01,2.747906289588812366e+07,4.094497454888125498e-02,5.840058541574096040e-02,1.534737895968139470e+08,1.968618160344492644e+06,6.283980408961904235e+06,4.390356040999617428e+07,1.054673370797618845e+05,1.049838150929609537e+08,7.293858489909172931e+04,1.288275538794492139e+06,3.210337432148723247e-01,8.982654789519756156e-01,8.982654789519756156e-01,8.433130810903449737e-01,1.298474890618757926e-01,2.683942984777923368e-02,3.652842594477472837e-01,1.000000000000002276e-01,0.000000000000000000e+00,1.000000000000000078e-15,1.000000000000000062e-09,1.000000000000000021e-03,1.000000000000000000e+00,5.000000000000000000e+08,1.000000000000000000e+01,0.000000000000000000e+00,2.157848477190519887e+01
2.100000000000000000e+02,1.428571428571428603e+00,4.000000000000000083e-02,4.999999999999999774e-07,9.000000000000000000e+01,0.000000000000000000e+00,4.071973606165407017e-02,6.777984074004470005e-02,9.135296562306517363e+07,9.512422271433022618e+07,3.719868648620571475e+06,2.602423751923536509e+07,2.255412762128203030e+04,3.851373845631445199e+07,2.699730159923378378e+06,4.011023047425323725e+07,6.245385693850433739e-01,4.949435601042831978e-01,4.949435601042831978e-01,7.555708021573442901e-01,2.196614179950344969e-01,2.476777984762121299e-02,7.371707209088673718e-01,3.075364671576042985e-01,0.000000000000000000e+00,1.000000000000000078e-15,1.000000000000000062e-09,1.000000000000000021e-03,1.000000000000000000e+00,5.000000000000000000e+08,1.000000000000000000e+01,0.000000000000000000e+00,2.157848477190519887e+01
2.200000000000000000e+02,1.428571428571428603e+00,4.000000000000000083e-02,4.999999999999999774e-07,9.000000000000000000e+01,2.793875694683527574e+07,4.098321889337982332e-02,5.842780863730290958e-02,1.564770343577848673e+08,2.002969649543583160e+06,6.412932550872012042e+06,4.479426478406566381e+07,1.164986668990280159e+05,1.069737591334069669e+08,7.422154154937546991e+04,1.309966719868229935e+06,3.217695736833075526e-01,8.983604980481926239e-01,8.983604980481926239e-01,8.446295818957173518e-01,1.288833957442116485e-01,2.648702236007099975e-02,3.657002320657797290e-01,1.000000000000002276e-01,0.000000000000000000e+00,1.000000000000000078e-15,1.000000000000000062e-09,1.000000000000000021e-03,1.000000000000000000e+00,5.000000000000000000e+08,1.000000000000000000e+01,0.000000000000000000e+00,2.157848477190519887e+01
2.000000000000000000e+02,2.857142857142857206e+00,4.000000000000000083e-02,4.999999999999999774e-07,9.000000000000000000e+01,1.875294984210434929e+07,4.114330847420219484e-02,5.962038015322348311e-02,1.068635557868702114e+08,1.641211352921705926e+06,4.396720240389316343e+06,3.068175180614624172e+07,1.044855760292655468e+05,7.318367643089750409e+07,6.179872002444264945e+04,1.072111810326657956e+06,3.163766471310331396e-01,8.897371597980038294e-01,8.897371597980038294e-01,8.318135496740350909e-01,1.385683991016313510e-01,2.961805122433355808e-02,3.636870394085539582e-01,1.000000000000002137e-01,0.000000000000000000e+00,1.000000000000000078e-15,1.000000000000000062e-09,1.000000000000000021e-03,1.000000000000000000e+00,5.000000000000000000e+08,1.000000000000000000e+01,0.000000000000000000e+00,2.300705620047662947e+01
2.100000000000000000e+02,2.857142857142857206e+00,4.000000000000000083e-02,4.999999999999999774e-07,9.000000000000000000e+01,0.000000000000000000e+00,4.072420536273815839e-02,6.367069620296458843e-02,4.856572608538637310e+07,1.483048657128159404e+08,1.977800602691764245e+06,1.383634152768759616e+07,7.699230100543638400e+03,1.652069816423138976e+07,3.208351428915982600e+06,5.085252299163588881e+07,8.530144882954102670e-01,3.639696029573497027e-01,3.639696029573497027e-01,9.263210706808705508e-01,5.872143186660510467e-02,1.495749745252434454e-02,9.060809524173267793e-01,2.331790948108028727e-01,0.000000000000000000e+00,1.000000000000000078e-15,1.000000000000000062e-09,1.000000000000000021e-03,1.000000000000000000e+00,5.000000000000000000e+08,1.000000000000000000e+01,0.000000000000000000e+00,2.300705620047662947e+01
2.200000000000000000e+02,2.857142857142857206e+00,4.000000000000000083e-02,4.999999999999999774e-07,9.000000000000000000e+01,1.905376599072045088e+07,4.119740972434288856e-02,5.966788971213957127e-02,1.088787339455092996e+08,1.675129886661784258e+06,4.485521812620867044e+06,3.129136506558522955e+07,1.153457882372174645e+05,7.453912548397351801e+07,6.312689278434285370e+04,1.093886319502250291e+06,3.169995930157854525e-01,8.896500999030771961e-01,8.896500999030771961e-01,8.338773230266685044e-01,1.369042286840977951e-01,2.921844828923370052e-02,3.637335634053156519e-01,1.000000000000002276e-01,0.000000000000000000e+00,1.000000000000000078e-15,1.000000000000000062e-09,1.000000000000000021e-03,1.000000000000000000e+00,5.000000000000000000e+08,1.000000000000000000e+01,0.000000000000000000e+00,2.300705620047662947e+01
2.000000000000000000e+02,4.285714285714285587e+00,4.000000000000000083e-02,4.999999999999999774e-07,9.000000000000000000e+01,1.274286156943688728e+07,4.156037200362781153e-02,6.688122950617940432e-02,7.013983253765219450e+07,6.092549060924767982e+05,2.915037532536983490e+06,2.029183647134474665e+07,1.124629174847978720e+05,5.097747583149428666e+07,2.532086054223867177e+04,3.990073395079680486e+05,2.726632566217637721e-01,9.147454775152862316e-01,9.147454775152862316e-01,8.732629321845326587e-01,1.068437696640375384e-01,1.989329815142980296e-02,3.000000000000002109e-01,1.000000000000002276e-01,0.000000000000000000e+00,1.000000000000000078e-15,1.000000000000000062e-09,1.000000000000000021e-03,1.000000000000000000e+00,5.000000000000000000e+08,1.000000000000000000e+01,0.000000000000000000e+00,2.443562762904805652e+01
2.100000000000000000e+02,4.285714285714285587e+00,4.000000000000000083e-02,4.999999999999999774e-07,9.000000000000000000e+01,1.283839348739179038e+07,4.160504733777229541e-02,6.690636371657175674e-02,7.076006070478305221e+07,6.151257504347605864e+05,2.943975675246139988e+06,2.048787102013882995e+07,1.184708409247604577e+05,5.142724688928775489e+07,2.559233596552091331e+04,4.030208217974251602e+05,2.726009463904521257e-01,9.147148198910461936e-01,9.147148198910461936e-01,8.729395475091481504e-01,1.071908213770750018e-01,1.986963111377684776e-02,3.000000000000002109e-01,1.000000000000002276e-01,0.000000000000000000e+00,1.000000000000000078e-15,1.000000000000000062e-09,1.000000000000000021e-03,1.000000000000000000e+00,5.000000000000000000e+08,1.000000000000000000e+01,0.000000000000000000e+00,2.443562762904805652e+01
2.200000000000000000e+02,4.285714285714285587e+00,4.000000000000000083e-02,4.999999999999999774e-07,9.000000000000000000e+01,0.000000000000000000e+00,4.099671344922048433e-02,7.016452504895406839e-02,7.950904922745922208e+07,2.334209990185303241e+07,3.259609707798111252e+06,2.276650496245624125e+07,4.695018777297082124e+04,3.545109505136663467e+07,7.077451686253359076e+05,1.019798188678813167e+07,6.055780303360421835e-01,6.485806509733706982e-01,6.485806509733706982e-01,9.138718155873365445e-01,1.923959761072016258e-02,6.688858680194328943e-02,6.568843813427815981e-01,2.739094774213818306e-01,0.000000000000000000e+00,1.000000000000000078e-15,1.000000000000000062e-09,1.000000000000000021e-03,1.000000000000000000e+00,5.000000000000000000e+08,1.000000000000000000e+01,0.000000000000000000e+00,2.443562762904805652e+01
2.000000000000000000e+02,5.714285714285714413e+00,4.000000000000000083e-02,4.999999999999999774e-07,9.000000000000000000e+01,8.620768417248537764e+06,4.200175203197067247e-02,6.832592763015479798e-02,4.916835453242507577e+07,5.221861657862283755e+05,2.065157034890939482e+06,1.433844687802065164e+07,1.114523397926665784e+05,3.568024223041332513e+07,2.193273384987869213e+04,3.396389454226430389e+05,2.701098259675990820e-01,9.065729569601778115e-01,9.065729569601778115e-01,8.616011958252727254e-01,1.162946722001701599e-01,2.210413197455711465e-02,3.000000000000002109e-01,1.000000000000002276e-01,0.000000000000000000e+00,1.000000000000000078e-15,1.000000000000000062e-09,1.000000000000000021e-03,1.000000000000000000e+00,5.000000000000000000e+08,1.000000000000000000e+01,0.000000000000000000e+00,2.586419905761948712e+01
2.100000000000000000e+02,5.714285714285714413e+00,4.000000000000000083e-02,4.999999999999999774e-07,9.000000000000000000e+01,8.677078336728388444e+06,4.206424679443572512e-02,6.837538939992673925e-02,4.960216559405548126e+07,5.276406963596642017e+05,2.086477735086818459e+06,1.448117328863454238e+07,1.174476158650822617e+05,3.599217913549463451e+07,2.219480847046083363e+04,3.433336398461133358e+05,2.700549441780638049e-01,9.065048748291797409e-01,9.065048748291797409e-01,8.614167443502176447e-01,1.162992087299835609e-01,2.228404691979879448e-02,3.000000000000002109e-01,1.000000000000002276e-01,0.000000000000000000e+00,1.000000000000000078e-15,1.000000000000000062e-09,1.000000000000000021e-03,1.000000000000000000e+00,5.000000000000000000e+08,1.000000000000000000e+01,0.000000000000000000e+00,2.586419905761948712e+01
2.200000000000000000e+02,5.714285714285714413e+00,4.000000000000000083e-02,4.999999999999999774e-07,9.000000000000000000e+01,0.000000000000000000e+00,4.098954651397729992e-02,1.394265522369249610e-01,1.729537508451133668e+08,4.756839585571532371e+05,7.089295815032615326e+06,4.951678467938544601e+07,8.286862529985363653e+04,5.948365835884732008e+07,1.690369027914075923e+04,1.289702547440079215e+05,8.528668928444654851e-01,9.501694889616898454e-01,9.501694889616898454e-01,9.036543721823815378e-01,3.727124262273296545e-02,5.907438519488549672e-02,9.365715373085770068e-01,1.752001767178168190e-01,0.000000000000000000e+00,1.000000000000000078e-15,1.000000000000000062e-09,1.000000000000000021e-03,1.000000000000000000e+00,5.000000000000000000e+08,1.000000000000000000e+01,0.000000000000000000e+00,2.586419905761948712e+01
2.000000000000000000e+02,7.142857142857143238e+00,4.000000000000000083e-02,4.999999999999999774e-07,9.000000000000000000e+01,5.742831999410011806e+06,4.262148878566172222e-02,7.009854014430859370e-02,3.433971844183494151e+07,4.520040264733404620e+05,1.463609924471449107e+06,1.012522948924752325e+07,1.102383233796438726e+05,2.486643963007162139e+07,1.926508454540742605e+04,2.918899770011700457e+05,2.673222495627039508e-01,8.970791105911873897e-01,8.970791105911873897e-01,8.491677376886388462e-01,1.257192825611209153e-01,2.511297975024023854e-02,3.000000000000002109e-01,1.000000000000002276e-01,0.000000000000000000e+00,1.000000000000000078e-15,1.000000000000000062e-09,1.000000000000000021e-03,1.000000000000000000e+00,5.000000000000000000e+08,1.000000000000000000e+01,0.000000000000000000e+00,2.729277048619091417e+01
2.100000000000000000e+02,7.142857142857143238e+00,4.000000000000000083e-02,4.999999999999999774e-07,9.000000000000000000e+01,5.771990350512863137e+06,4.270860166451126427e-02,7.018650205062711145e-02,3.464041103310353309e+07,4.579152266424729605e+05,1.479443516307760030e+06,1.022959977490912750e+07,1.160382731376768643e+05,2.508097781871906668e+07,1.955691901078776937e+04,2.958067860495550558e+05,2.673135620083621489e-01,8.968816058147345283e-01,8.968816058147345283e-01,8.491201609783809445e-01,1.257751371484763792e-01,2.510470187314267632e-02,3.000000000000002109e-01,1.000000000000002276e-01,0.000000000000000000e+00,1.000000000000000078e-15,1.000000000000000062e-09,1.000000000000000021e-03,1.000000000000000000e+00,5.000000000000000000e+08,1.000000000000000000e+01,0.000000000000000000e+00,2.729277048619091417e+01
2.200000000000000000e+02,7.142857142857143238e+00,4.000000000000000083e-02,4.999999999999999774e-07,9.000000000000000000e+01,5.792913737505144440e+06,4.279636822416569425e-02,7.030727795304077266e-02,3.491437877186500281e+07,4.626286123414888280e+05,1.494208610238728579e+06,1.032644645000629686e+07,1.218055075127757591e+05,2.527577099283406883e+07,1.979882444480116101e+04,2.988411828890104080e+05,2.673518131613658033e-01,8.967722959226855917e-01,8.967722959226855917e-01,8.492161494552215029e-01,1.258696832479912209e-01,2.491416729678727626e-02,3.000000000000002109e-01,1.000000000000002276e-01,0.000000000000000000e+00,1.000000000000000078e-15,1.000000000000000062e-09,1.000000000000000021e-03,1.000000000000000000e+00,5.000000000000000000e+08,1.000000000000000000e+01,0.000000000000000000e+00,2.729277048619091417e+01
2.000000000000000000e+02,8.571428571428571175e+00,4.000000000000000083e-02,4.999999999999999774e-07,9.000000000000000000e+01,0.000000000000000000e+00,4.184518423989885827e-02,9.037651578960027854e-02,4.036902349652997404e+07,3.263174216442690697e+06,1.689249225797102787e+06,1.173929320986446366e+07,6.780070801396803290e+04,1.512252168869346753e+07,1.031879502430896246e+05,1.172322449927596143e+06,5.806884612052631844e-01,7.786266756815567458e-01,7.786266756815567458e-01,6.693697156929432346e-01,1.697919118987658293e-01,1.608383724082909361e-01,7.708037490503834022e-01,3.812653625512525402e-01,0.000000000000000000e+00,1.000000000000000078e-15,1.000000000000000062e-09,1.000000000000000021e-03,1.000000000000000000e+00,5.000000000000000000e+08,1.000000000000000000e+01,0.000000000000000000e+00,2.872134191476234122e+01
2.100000000000000000e+02,8.571428571428571175e+00,4.000000000000000083e-02,4.999999999999999774e-07,9.000000000000000000e+01,0.000000000000000000e+00,4.142706372523689839e-02,1.020385784162972931e-01,2.975795164161494002e+07,2.071813664245003089e+07,1.232784558989700163e+06,8.588292987185399979e+06,2.437229908873117165e+04,7.766251915418314748e+06,5.387233607855954906e+05,5.355252913282484747e+06,8.663024225907721698e-01,5.451376405328167696e-01,5.451376405328167696e-01,9.047348637196570564e-01,2.923096623063453983e-02,6.603417004970840720e-02,9.444865411518814646e-01,4.034256139065203195e-01,0.000000000000000000e+00,1.000000000000000078e-15,1.000000000000000062e-09,1.000000000000000021e-03,1.000000000000000000e+00,5.000000000000000000e+08,1.000000000000000000e+01,0.000000000000000000e+00,2.872134191476234122e+01
2.200000000000000000e+02,8.571428571428571175e+00,4.000000000000000083e-02,4.999999999999999774e-07,9.000000000000000000e+01,0.000000000000000000e+00,4.172464482100054356e-02,8.714117806486250395e-02,8.759685786906464025e+06,3.595553460925716162e+07,3.654947782022388419e+05,2.541777175802423153e+06,1.531214892288019200e+03,3.165440709130898118e+06,1.163276319019441726e+06,1.358275852143980935e+07,6.880124583645619296e-01,3.304696891402795766e-01,3.304696891402795766e-01,9.313920246826030702e-01,6.489914976939464841e-02,3.708825548002281369e-03,7.103621002774880289e-01,4.065825765527936175e-01,0.000000000000000000e+00,1.000000000000000078e-15,1.000000000000000062e-09,1.000000000000000021e-03,1.000000000000000000e+00,5.000000000000000000e+08,1.000000000000000000e+01,0.000000000000000000e+00,2.872134191476234122e+01
2.000000000000000000e+02,1.000000000000000000e+01,4.000000000000000083e-02,4.999999999999999774e-07,9.000000000000000000e+01,2.364190844480934553e+06,4.470818590320795038e-02,7.490605152145971002e-02,1.645260737636782788e+07,3.639816792728956207e+05,7.355662291751432931e+05,5.028473219273286872e+06,1.057490297625401872e+05,1.182926591878352128e+07,1.627296058229442860e+04,2.319785419076452672e+05,2.613778340113109278e-01,8.705204002320443557e-01,8.705204002320443557e-01,8.230951194971867224e-01,1.443616121685368237e-01,3.254326833427645393e-02,3.000159604218151643e-01,1.000000000000002276e-01,0.000000000000000000e+00,1.000000000000000078e-15,1.000000000000000062e-09,1.000000000000000021e-03,1.000000000000000000e+00,5.000000000000000000e+08,1.000000000000000000e+01,0.000000000000000000e+00,3.014991334333377182e+01
2.100000000000000000e+02,1.000000000000000000e+01,4.000000000000000083e-02,4.999999999999999774e-07,9.000000000000000000e+01,0.000000000000000000e+00,4.210504729591628414e-02,7.951691648562921044e-02,2.184733999587437138e+07,8.989197316705377772e+06,9.198832838162538828e+05,6.382913928857182153e+06,3.641376047763763927e+04,7.890550280662102625e+06,2.494970790599658794e+05,3.199152492049562279e+06,7.064455057760198331e-01,6.092183572232852118e-01,6.092183572232852118e-01,8.391206114964910867e-01,8.247746421299893826e-02,7.840192429050997502e-02,8.115101387580110348e-01,3.090616588304110346e-01,0.000000000000000000e+00,1.000000000000000078e-15,1.000000000000000062e-09,1.000000000000000021e-03,1.000000000000000000e+00,5.000000000000000000e+08,1.000000000000000000e+01,0.000000000000000000e+00,3.014991334333377182e+01
2.200000000000000000e+02,1.000000000000000000e+01,4.000000000000000083e-02,4.999999999999999774e-07,9.000000000000000000e+01,2.358059895536737517e+06,4.505284868222465128e-02,7.532327965811455583e-02,1.670886603593348712e+07,3.742867538390225964e+05,7.527820131684741937e+05,5.136265062453080900e+06,1.168012156125429756e+05,1.200580374705578014e+07,1.686268448447054470e+04,2.387773369252670382e+05,2.612551124790631341e-01,8.698163856486483825e-01,8.698163856486483825e-01,8.218044920498351891e-01,1.452990825098524064e-01,3.289642544031240456e-02,3.002237230568899351e-01,1.000000000000002137e-01,0.000000000000000000e+00,1.000000000000000078e-15,1.000000000000000062e-09,1.000000000000000021e-03,1.000000000000000000e+00,5.000000000000000000e+08,1.000000000000000000e+01,0.000000000000000000e+00,3.014991334333377182e+01
2.000000000000000000e+02,1.142857142857142883e+01,4.000000000000000083e-02,4.999999999999999774e-07,9.000000000000000000e+01,1.421083671353135724e+06,4.640850132671858752e-02,7.832281742382447842e-02,1.125758263694368303e+07,3.391906213974075508e+05,5.224475387422450585e+05,3.538150606594640296e+06,1.021034380271479167e+05,8.045252712966973893e+06,1.574132840313209090e+04,2.148717174061947735e+05,2.583947712361081561e-01,8.520936920669371917e-01,8.520936920669371917e-01,8.083526128610011297e-01,1.548760388834458934e-01,3.677134825555297692e-02,3.004965450511040692e-01,1.000000000000002276e-01,0.000000000000000000e+00,1.000000000000000078e-15,1.000000000000000062e-09,1.000000000000000021e-03,1.000000000000000000e+00,5.000000000000000000e+08,1.000000000000000000e+01,0.000000000000000000e+00,3.157848477190520242e+01
2.100000000000000000e+02,1.142857142857142883e+01,4.000000000000000083e-02,4.999999999999999774e-07,9.000000000000000000e+01,1.412198176432098728e+06,4.664773827186180499e-02,7.860236029646261446e-02,1.134029032098920271e+07,3.461359255970868981e+05,5.289988948204320623e+05,3.577856805641561281e+06,1.073122796148297202e+05,8.101003667373299599e+06,1.614645806374154381e+04,2.194342923766005551e+05,2.583206650771068258e-01,8.512758297049087819e-01,8.512758297049087819e-01,8.080605330524458507e-01,1.548882627509461651e-01,3.705120419660798414e-02,3.005119404665337890e-01,1.000000000000002276e-01,0.000000000000000000e+00,1.000000000000000078e-15,1.000000000000000062e-09,1.000000000000000021e-03,1.000000000000000000e+00,5.000000000000000000e+08,1.000000000000000000e+01,0.000000000000000000e+00,3.157848477190520242e+01
2.200000000000000000e+02,1.142857142857142883e+01,4.000000000000000083e-02,4.999999999999999774e-07,9.000000000000000000e+01,0.000000000000000000e+00,4.428476556318403784e-02,1.125697960406476239e-01,8.391388510156176984e+06,5.075787621036684141e+06,3.716106729218624532e+05,2.546456176808557473e+06,4.439709098063308920e+04,3.285422969535875134e+06,2.101312016867272323e+05,1.908398949421035824e+06,4.366680132383183310e-01,5.625117431799637746e-01,5.625117431799637746e-01,7.063821175809084085e-01,3.322917115895505230e-02,2.603887112601365184e-01,5.970391780910158097e-01,4.493104648382988398e-01,0.000000000000000000e+00,1.000000000000000078e-15,1.000000000000000062e-09,1.000000000000000021e-03,1.000000000000000000e+00,5.000000000000000000e+08,1.000000000000000000e+01,0.000000000000000000e+00,3.157848477190520242e+01
2.000000000000000000e+02,1.285714285714285765e+01,4.000000000000000083e-02,4.999999999999999774e-07,9.000000000000000000e+01,7.859683911271900870e+05,4.877100861970476431e-02,8.261654139783124184e-02,7.586576194659139961e+06,3.328220220947968191e+05,3.700049729837678606e+05,2.474268363670517225e+06,9.672362939527338312e+04,5.374457704219361767e+06,1.623206570841290886e+04,2.098961373013945122e+05,2.556332420141324002e-01,8.268212022924138482e-01,8.268212022924138482e-01,7.920458874139283401e-01,1.666047556095644755e-01,4.134935697650718445e-02,3.012736362027441106e-01,1.021021123392974322e-01,0.000000000000000000e+00,1.000000000000000078e-15,1.000000000000000062e-09,1.000000000000000021e-03,1.000000000000000000e+00,5.000000000000000000e+08,1.000000000000000000e+01,0.000000000000000000e+00,3.300705620047662592e+01
2.100000000000000000e+02,1.285714285714285765e+01,4.000000000000000083e-02,4.999999999999999774e-07,9.000000000000000000e+01,0.000000000000000000e+00,4.313945225782629678e-02,1.408827386704102347e-01,1.564377824791309796e+07,4.228597249679408036e+06,6.748640248578685569e+05,4.654754646572723053e+06,3.607817786710091605e+04,3.906625990689547732e+06,1.354987251084561867e+05,9.853181190228851046e+05,8.353925400785423561e-01,6.579341260780147138e-01,6.579341260780147138e-01,9.001294689325602949e-01,5.552472457004788836e-02,4.434580649739181674e-02,8.979078740479533582e-01,4.891370911193064774e-01,0.000000000000000000e+00,1.000000000000000078e-15,1.000000000000000062e-09,1.000000000000000021e-03,1.000000000000000000e+00,5.000000000000000000e+08,1.000000000000000000e+01,0.000000000000000000e+00,3.300705620047662592e+01
2.200000000000000000e+02,1.285714285714285765e+01,4.000000000000000083e-02,4.999999999999999774e-07,9.000000000000000000e+01,7.319854012901317328e+05,4.858764603449162306e-02,7.701101783550846902e-02,7.520323013940364122e+06,6.246502648812708212e+05,3.653947926663756371e+05,2.445800835835098755e+06,9.286558160072730971e+04,5.070624686093658209e+06,2.905541636193796512e+04,3.968135066389695276e+05,2.828072307502965121e-01,7.762744801571273001e-01,7.762744801571273001e-01,7.033756702730217247e-01,2.396848801353991809e-01,5.693944959157909436e-02,3.605344051135832562e-01,1.218938044007631255e-01,0.000000000000000000e+00,1.000000000000000078e-15,1.000000000000000062e-09,1.000000000000000021e-03,1.000000000000000000e+00,5.000000000000000000e+08,1.000000000000000000e+01,0.000000000000000000e+00,3.300705620047662592e+01
2.000000000000000000e+02,1.428571428571428648e+01,4.000000000000000083e-02,4.999999999999999774e-07,9.000000000000000000e+01,3.701901889876215719e+05,5.208464670699814586e-02,8.789904344297658212e-02,4.939745187355682254e+06,3.530645080783364247e+05,2.572848829060150601e+05,1.691453711717371829e+06,8.852097195158645627e+04,3.458537607557832729e+06,1.838924016804024359e+04,2.227428200482964749e+05,2.520812696997764002e-01,7.890500949953503929e-01,7.890500949953503929e-01,7.710618877151614869e-01,1.825917228789559199e-01,4.634638940588259315e-02,3.020312278079463342e-01,1.051334679063141292e-01,0.000000000000000000e+00,1.000000000000000078e-15,1.000000000000000062e-09,1.000000000000000021e-03,1.000000000000000000e+00,5.000000000000000000e+08,1.000000000000000000e+01,0.000000000000000000e+00,3.443562762904805652e+01
2.100000000000000000e+02,1.428571428571428648e+01,4.000000000000000083e-02,4.999999999999999774e-07,9.000000000000000000e+01,0.000000000000000000e+00,4.569258768922052766e-02,1.339872779803980563e-01,1.007642896818857081e+07,1.271163323002239922e+06,4.604181142231582198e+05,3.130334768181391992e+06,6.430998362925931724e+04,3.275602685174112208e+06,4.749913497830299457e+04,3.685593374527759734e+05,5.910363608519143552e-01,7.379098673135979780e-01,7.379098673135979780e-01,7.135703913570905499e-01,7.246658603442251989e-02,2.139630226084869302e-01,7.839448292463149226e-01,4.365673060578039166e-01,0.000000000000000000e+00,1.000000000000000078e-15,1.000000000000000062e-09,1.000000000000000021e-03,1.000000000000000000e+00,5.000000000000000000e+08,1.000000000000000000e+01,0.000000000000000000e+00,3.443562762904805652e+01
2.200000000000000000e+02,1.428571428571428648e+01,4.000000000000000083e-02,4.999999999999999774e-07,9.000000000000000000e+01,3.418618590688463300e+05,5.178097156794720518e-02,8.131199434992128494e-02,4.782061664814535528e+06,6.503723460766273784e+05,2.476197991019317415e+05,1.630401461347375996e+06,8.242387752816232387e+04,3.186192113332684152e+06,3.181289433043399913e+04,4.109886790179981617e+05,2.801160462027479925e-01,7.305748356865645610e-01,7.305748356865645610e-01,6.910910814908908240e-01,2.460035989462925343e-01,6.290531956281664172e-02,3.619440729422986891e-01,1.218670195161741243e-01,0.000000000000000000e+00,1.000000000000000078e-15,1.000000000000000062e-09,1.000000000000000021e-03,1.000000000000000000e+00,5.000000000000000000e+08,1.000000000000000000e+01,0.000000000000000000e+00,3.443562762904805652e+01
2.000000000000000000e+02,1.571428571428571530e+01,4.000000000000000083e-02,4.999999999999999774e-07,9.000000000000000000e+01,0.000000000000000000e+00,5.124991950909878191e-02,2.834841154396899876e-01,6.569865234789807349e+06,1.299579285452487238e+05,3.367050644686039886e+05,2.222928760220181663e+06,9.998722774526926514e+04,3.719616951692933682e+06,6.660333377513207779e+03,2.573640033050832790e+04,3.780669120348711942e-01,8.766972397520689242e-01,8.766972397520689242e-01,9.034399416579299569e-01,1.208533087896143492e-02,8.447472746310860647e-02,4.161388675729840170e-01,1.746280523284139963e-01,0.000000000000000000e+00,1.000000000000000078e-15,1.000000000000000062e-09,1.000000000000000021e-03,1.000000000000000000e+00,5.000000000000000000e+08,1.000000000000000000e+01,0.000000000000000000e+00,3.586419905761948712e+01
2.100000000000000000e+02,1.571428571428571530e+01,4.000000000000000083e-02,4.999999999999999774e-07,9.000000000000000000e+01,0.000000000000000000e+00,4.631908277712135785e-02,2.174251912498374462e-01,1.423315799376481213e+07,8.562577791912516113e+04,6.592668232930388767e+05,4.466905149581521749e+06,8.943867315718534519e+04,5.156297646633448079e+06,3.966107495291369560e+03,2.060504975818744060e+04,7.324077917569055129e-01,9.280204424261306873e-01,9.280204424261306873e-01,7.706660479201352665e-01,1.257542266808331088e-01,1.035797253990316247e-01,9.317165555701947266e-01,1.142345388542864992e-01,0.000000000000000000e+00,1.000000000000000078e-15,1.000000000000000062e-09,1.000000000000000021e-03,1.000000000000000000e+00,5.000000000000000000e+08,1.000000000000000000e+01,0.000000000000000000e+00,3.586419905761948712e+01
2.200000000000000000e+02,1.571428571428571530e+01,4.000000000000000083e-02,4.999999999999999774e-07,9.000000000000000000e+01,1.092055601302477153e+05,5.620915551571232377e-02,8.580819067003642164e-02,2.744539047775602899e+06,7.763809755037160357e+05,1.542682221553638810e+05,9.939694140782019822e+05,6.565758568599604769e+04,1.796454742962826975e+06,4.011801490639329859e+04,4.897512303818422952e+05,2.770155497387005727e-01,6.527983484162723782e-01,6.527983484162723782e-01,6.811030946852528745e-01,2.492745330043459051e-01,6.962237231040122043e-02,3.629498809370641510e-01,1.195840676444168277e-01,0.000000000000000000e+00,1.000000000000000078e-15,1.000000000000000062e-09,1.000000000000000021e-03,1.000000000000000000e+00,5.000000000000000000e+08,1.000000000000000000e+01,0.000000000000000000e+00,3.586419905761948712e+01
2.000000000000000000e+02,1.714285714285714235e+01,4.000000000000000083e-02,4.999999999999999774e-07,9.000000000000000000e+01,0.000000000000000000e+00,5.808750734702273349e-02,2.362762725345174120e-01,4.347831027605694719e+06,4.090589030371131958e+04,2.525546667596591869e+05,1.612935354683869053e+06,1.176421597159590310e+05,2.651968992626915220e+06,2.376121203553337182e+03,1.174130245772879789e+04,3.166494359272273296e-01,9.115798378664585755e-01,9.115798378664585755e-01,7.876593780520164678e-01,5.685917107648965491e-02,1.554814508714938703e-01,3.925723864774720018e-01,1.307812620761293343e-01,0.000000000000000000e+00,1.000000000000000078e-15,1.000000000000000062e-09,1.000000000000000021e-03,1.000000000000000000e+00,5.000000000000000000e+08,1.000000000000000000e+01,0.000000000000000000e+00,3.729277048619091772e+01
2.100000000000000000e+02,1.714285714285714235e+01,4.000000000000000083e-02,4.999999999999999774e-07,9.000000000000000000e+01,0.000000000000000000e+00,5.175683586740174869e-02,1.505250660594533718e-01,6.546045018392917700e+06,1.362983965043787903e+05,3.388025775975850993e+05,2.231047079857048579e+06,9.316835429103652132e+04,3.122810296231204644e+06,7.054373736867175467e+03,5.156439430497567082e+04,5.214670547479295371e-01,8.738993574720927970e-01,8.738993574720927970e-01,7.671095739444604433e-01,1.342576830165412016e-01,9.863274303899835505e-02,6.525169467405440571e-01,1.557829486724697232e-01,0.000000000000000000e+00,1.000000000000000078e-15,1.000000000000000062e-09,1.000000000000000021e-03,1.000000000000000000e+00,5.000000000000000000e+08,1.000000000000000000e+01,0.000000000000000000e+00,3.729277048619091772e+01
2.200000000000000000e+02,1.714285714285714235e+01,4.000000000000000083e-02,4.999999999999999774e-07,9.000000000000000000e+01,0.000000000000000000e+00,5.789609951298205215e-02,1.630973941727620613e-01,1.107867418689615093e+06,1.847828136145619443e+06,6.414120231964450795e+04,4.100014942998600891e+05,2.870726917388758739e+04,3.526786643252104404e+05,1.041825881454230112e+05,6.659614929305481492e+05,3.463505514647371442e-01,4.363996318177357780e-01,4.363996318177357780e-01,6.319372392220335977e-01,5.957739250278253768e-02,3.084853682751838577e-01,5.079831744469456289e-01,4.252798850219273730e-01,0.000000000000000000e+00,1.000000000000000078e-15,1.000000000000000062e-09,1.000000000000000021e-03,1.000000000000000000e+00,5.000000000000000000e+08,1.000000000000000000e+01,0.000000000000000000e+00,3.729277048619091772e+01
2.000000000000000000e+02,1.857142857142857295e+01,4.000000000000000083e-02,4.999999999999999774e-07,9.000000000000000000e+01,0.000000000000000000e+00,4.893762396181974145e-02,4.460136468509874885e-01,5.336904571201937273e+06,9.765563648697331082e+05,2.611754290255972301e+05,1.744983636014381656e+06,2.086138718478083319e+04,1.028671548104041722e+06,4.690579600573374773e+04,1.085636034677779389e+05,9.338187361712160239e-01,7.003960054796956047e-01,7.003960054796956047e-01,9.694471661867911649e-01,2.778654867938494186e-02,2.766285133823893211e-03,9.495086581222360600e-01,4.793779334917515067e-01,0.000000000000000000e+00,1.000000000000000078e-15,1.000000000000000062e-09,1.000000000000000021e-03,1.000000000000000000e+00,5.000000000000000000e+08,1.000000000000000000e+01,0.000000000000000000e+00,3.872134191476234832e+01
2.100000000000000000e+02,1.857142857142857295e+01,4.000000000000000083e-02,4.999999999999999774e-07,9.000000000000000000e+01,0.000000000000000000e+00,6.943967595177326368e-02,1.381193257930235507e-01,3.989893264099129592e+05,1.431063611854384420e+06,2.770568953412064729e+04,1.683901762699265673e+05,1.796738296646708841e+04,1.748140449287340743e+05,9.811785222959995735e+04,7.536498973604163621e+05,2.713044418759196219e-01,3.455587190555247656e-01,3.455587190555247656e-01,6.777846920569101652e-01,1.317731704471188786e-02,3.090379908983779678e-01,3.977403157898225516e-01,1.306900648935695741e-01,0.000000000000000000e+00,1.000000000000000078e-15,1.000000000000000062e-09,1.000000000000000021e-03,1.000000000000000000e+00,5.000000000000000000e+08,1.000000000000000000e+01,0.000000000000000000e+00,3.872134191476234832e+01
2.200000000000000000e+02,1.857142857142857295e+01,4.000000000000000083e-02,4.999999999999999774e-07,9.000000000000000000e+01,0.000000000000000000e+00,5.362185709639109843e-02,1.696422890331219513e-01,5.185381045965899713e+06,2.488993622819407319e+05,2.780497614371184609e+05,1.814061667744384147e+06,7.617083987989528396e+04,2.130214262491691392e+06,1.291053789692372629e+04,8.169451224434762844e+04,6.437026160347235626e-01,8.202843222191329442e-01,8.202843222191329442e-01,8.369613855415168890e-01,7.162702307431859094e-02,9.141159138416452001e-02,7.553391926709034365e-01,1.607337327300048524e-01,0.000000000000000000e+00,1.000000000000000078e-15,1.000000000000000062e-09,1.000000000000000021e-03,1.000000000000000000e+00,5.000000000000000000e+08,1.000000000000000000e+01,0.000000000000000000e+00,3.872134191476234832e+01
2.000000000000000000e+02,2.000000000000000000e+01,4.000000000000000083e-02,4.999999999999999774e-07,9.000000000000000000e+01,0.000000000000000000e+00,5.607414677402200454e-02,5.000000000000000000e-01,5.642832314808197320e+06,3.018084041694712596e+03,3.164170074417492142e+05,2.040024835777234985e+06,9.286837756131640344e+04,1.766080706366146449e+06,1.692364875303228473e+02,1.000000000000000036e-10,6.933303800467671696e-01,9.773958804099829312e-01,9.773958804099829312e-01,8.766314055077353284e-01,4.591444857964042253e-02,7.745414591262425597e-02,7.683008138626455930e-01,4.315364411542800260e-01,0.000000000000000000e+00,1.000000000000000078e-15,1.000000000000000062e-09,1.000000000000000021e-03,1.000000000000000000e+00,5.000000000000000000e+08,1.000000000000000000e+01,0.000000000000000000e+00,4.014991334333377182e+01
2.100000000000000000e+02,2.000000000000000000e+01,4.000000000000000083e-02,4.999999999999999774e-07,9.000000000000000000e+01,0.000000000000000000e+00,7.643582757954675566e-02,5.000000000000000000e-01,1.312229564730505226e+06,2.450883713600831688e+05,1.003013527545245888e+05,5.928830018591551343e+05,6.753564966986788204e+04,1.373604099121889158e+05,1.873353249503124243e+04,1.000000000000000036e-10,2.987298266212733422e-01,6.982402438714296888e-01,6.982402438714296888e-01,7.755024921474262811e-01,1.877456256034547577e-01,3.675188224911896118e-02,3.137942533277523482e-01,2.949821119189980356e-01,0.000000000000000000e+00,1.000000000000000078e-15,1.000000000000000062e-09,1.000000000000000021e-03,1.000000000000000000e+00,5.000000000000000000e+08,1.000000000000000000e+01,0.000000000000000000e+00,4.014991334333377182e+01
2.200000000000000000e+02,2.000000000000000000e+01,4.000000000000000083e-02,4.999999999999999774e-07,9.000000000000000000e+01,0.000000000000000000e+00,6.097132277273659140e-02,1.350179158362967147e-01,2.078556896637978731e+06,6.115807035477373283e+05,1.267323634464118950e+05,7.987788012045833748e+05,5.019071754985767620e+04,9.012622954961271025e+05,3.133965615514478122e+04,2.443179114932153607e+05,5.644817285418426422e-01,6.483264693484893648e-01,6.483264693484893648e-01,8.360232470355255519e-01,6.835677757302750790e-02,9.561997539144694025e-02,6.603640516593070053e-01,1.814308732567707916e-01,0.000000000000000000e+00,1.000000000000000078e-15,1.000000000000000062e-09,1.000000000000000021e-03,1.000000000000000000e+00,5.000000000000000000e+08,1.000000000000000000e+01,0.000000000000000000e+00,4.014991334333377182e+01
2.000000000000000000e+02,2.142857142857143060e+01,4.000000000000000083e-02,4.999999999999999774e-07,9.000000000000000000e+01,0.000000000000000000e+00,6.508446991577529483e-02,2.470497873239745901e-01,1.462821544666728703e+06,5.268595284115812974e+05,9.520696481600965490e+04,5.893343633034591330e+05,3.693891858818163018e+04,5.162887970062665408e+05,3.429037312674312852e+04,1.453619917373482604e+05,5.984642917242886107e-01,6.249457644669453860e-01,6.249457644669453860e-01,9.528511074694920868e-01,1.787596176758039432e-02,2.927293076292751886e-02,6.227030223125538111e-01,2.864756232841819683e-01,0.000000000000000000e+00,1.000000000000000078e-15,1.000000000000000062e-09,1.000000000000000021e-03,1.000000000000000000e+00,5.000000000000000000e+08,1.000000000000000000e+01,0.000000000000000000e+00,4.157848477190520242e+01
2.100000000000000000e+02,2.142857142857143060e+01,4.000000000000000083e-02,4.999999999999999774e-07,9.000000000000000000e+01,0.000000000000000000e+00,7.692642122619411382e-02,5.000000000000000000e-01,1.805316010830190266e+06,8.173672053604165558e+04,1.388764998955156188e+05,8.193542998294039862e+05,9.304920233905609348e+04,6.339713998208547710e+05,6.287713393603251461e+03,1.000000000000000036e-10,4.090258324781839705e-01,8.245514620135967476e-01,8.245514620135967476e-01,7.799201192356506329e-01,3.489216443510176346e-02,1.851877163292476036e-01,5.067742787012128325e-01,3.949991876717182659e-01,0.000000000000000000e+00,1.000000000000000078e-15,1.000000000000000062e-09,1.000000000000000021e-03,1.000000000000000000e+00,5.000000000000000000e+08,1.000000000000000000e+01,0.000000000000000000e+00,4.157848477190520242e+01
2.200000000000000000e+02,2.142857142857143060e+01,4.000000000000000083e-02,4.999999999999999774e-07,9.000000000000000000e+01,0.000000000000000000e+00,6.326149226665631065e-02,1.347888620766598544e-01,1.613559872149021598e+06,7.036948819682878675e+05,1.020762053737422684e+05,6.368709603974029887e+05,3.966879406210061279e+04,5.521500489029065939e+05,2.904637308618406678e+04,2.279380717431975354e+05,7.018848192832731758e-01,6.022686021140679635e-01,6.022686021140679635e-01,7.466403801333731938e-01,1.480620104415215632e-01,1.052976094251052430e-01,9.196418490485371855e-01,1.029506453252951176e-01,0.000000000000000000e+00,1.000000000000000078e-15,1.000000000000000062e-09,1.000000000000000021e-03,1.000000000000000000e+00,5.000000000000000000e+08,1.000000000000000000e+01,0.000000000000000000e+00,4.157848477190520242e+01
2.000000000000000000e+02,2.285714285714285765e+01,4.000000000000000083e-02,4.999999999999999774e-07,9.000000000000000000e+01,0.000000000000000000e+00,7.270442029755622149e-02,1.500467182252726017e-01,6.454668747944480274e+05,7.882712595195553731e+05,4.692829495320565184e+04,2.814788539037999581e+05,2.379589340860747689e+04,2.214887347586072283e+05,3.885180573319596442e+04,2.751274498854884296e+05,6.239222778670984182e-01,4.750372243907559078e-01,4.750372243907559078e-01,7.467768476085923091e-01,8.471406577001397431e-02,1.685090866213937166e-01,8.202716873980582246e-01,1.341261674329618236e-01,0.000000000000000000e+00,1.000000000000000078e-15,1.000000000000000062e-09,1.000000000000000021e-03,1.000000000000000000e+00,5.000000000000000000e+08,1.000000000000000000e+01,0.000000000000000000e+00,4.300705620047662592e+01
2.100000000000000000e+02,2.285714285714285765e+01,4.000000000000000083e-02,4.999999999999999774e-07,9.000000000000000000e+01,0.000000000000000000e+00,7.351270926233009761e-02,5.000000000000000000e-01,2.168182272670662496e+06,5.718018687890355795e+04,1.593889530385765247e+05,9.529624385324720060e+05,7.175742765754362335e+04,8.603466763850543648e+05,4.203470453594538412e+03,1.083980860701120264e+03,6.320974076867722502e-01,8.602921385408008881e-01,8.602921385408008881e-01,9.145934799423394157e-01,6.975790117198477081e-02,1.564861888567581349e-02,6.753171379819533637e-01,2.072418486260651505e-01,0.000000000000000000e+00,1.000000000000000078e-15,1.000000000000000062e-09,1.000000000000000021e-03,1.000000000000000000e+00,5.000000000000000000e+08,1.000000000000000000e+01,0.000000000000000000e+00,4.300705620047662592e+01
2.200000000000000000e+02,2.285714285714285765e+01,4.000000000000000083e-02,4.999999999999999774e-07,9.000000000000000000e+01,0.000000000000000000e+00,7.658228279278289641e-02,5.000000000000000000e-01,2.604030069116351195e+06,3.843817923792068541e+03,1.994225671539783943e+05,1.178125574105042731e+06,9.875419854231199133e+04,1.088798921516083414e+06,2.943683512438118441e+02,1.000000000000000036e-10,5.968346139366328407e-01,9.630013972191175942e-01,9.630013972191175942e-01,8.670841137835034740e-01,1.204512087616659566e-01,1.246467745483056944e-02,6.702447448691708498e-01,1.301443420523516470e-01,0.000000000000000000e+00,1.000000000000000078e-15,1.000000000000000062e-09,1.000000000000000021e-03,1.000000000000000000e+00,5.000000000000000000e+08,1.000000000000000000e+01,0.000000000000000000e+00,4.300705620047662592e+01
2.000000000000000000e+02,2.428571428571428470e+01,4.000000000000000083e-02,4.999999999999999774e-07,9.000000000000000000e+01,0.000000000000000000e+00,7.594667049336459308e-02,2.201732332912409718e-01,6.128083770441735396e+05,6.877777152151738992e+05,4.654075588694737962e+04,2.756233224145935965e+05,2.015305335022837971e+04,1.632621885236832604e+05,3.880001652507478138e+04,1.865856589875735226e+05,7.817496854241098303e-01,4.855773260296646354e-01,4.855773260296646354e-01,8.734816796095530300e-01,4.023192976446636482e-02,8.628639062598060516e-02,8.843515876137699738e-01,2.307812566838335910e-01,0.000000000000000000e+00,1.000000000000000078e-15,1.000000000000000062e-09,1.000000000000000021e-03,1.000000000000000000e+00,5.000000000000000000e+08,1.000000000000000000e+01,0.000000000000000000e+00,4.443562762904805652e+01
2.100000000000000000e+02,2.428571428571428470e+01,4.000000000000000083e-02,4.999999999999999774e-07,9.000000000000000000e+01,0.000000000000000000e+00,1.060000658623558439e-01,5.000000000000000000e-01,1.804519807176280010e+05,6.251980740034140181e+05,1.912792184106113564e+04,1.020941135682285822e+05,1.512805426554783662e+04,1.000000000000000036e-10,6.155811215324447403e+04,1.000000000000000036e-10,4.091934413600428755e-01,3.494854113572447574e-01,3.494854113572447574e-01,6.264854798486209075e-01,2.509564135106739369e-01,1.225581066407051556e-01,4.739229154783425879e-01,4.474387192362392351e-01,0.000000000000000000e+00,1.000000000000000078e-15,1.000000000000000062e-09,1.000000000000000021e-03,1.000000000000000000e+00,5.000000000000000000e+08,1.000000000000000000e+01,0.000000000000000000e+00,4.443562762904805652e+01
2.200000000000000000e+02,2.428571428571428470e+01,4.000000000000000083e-02,4.999999999999999774e-07,9.000000000000000000e+01,0.000000000000000000e+00,8.826987562319912883e-02,1.906559161337533226e-01,6.072188044567028992e+05,4.587425675109724398e+05,5.359912834546083468e+04,3.033515216128154425e+05,3.390068378837086493e+04,1.946491399676077417e+05,2.565134238227730384e+04,1.434812612520861730e+05,6.092731297329800899e-01,5.349927002485794780e-01,5.349927002485794780e-01,6.053804851674143839e-01,3.115235135753329776e-01,8.309600125725263853e-02,9.440050283663770081e-01,1.213099686323529103e-01,0.000000000000000000e+00,1.000000000000000078e-15,1.000000000000000062e-09,1.000000000000000021e-03,1.000000000000000000e+00,5.000000000000000000e+08,1.000000000000000000e+01,0.000000000000000000e+00,4.443562762904805652e+01
2.000000000000000000e+02,2.571428571428571530e+01,4.000000000000000083e-02,4.999999999999999774e-07,9.000000000000000000e+01,0.000000000000000000e+00,1.278008878945470495e-01,5.000000000000000000e-01,2.264307757407480967e+05,3.044397438949958305e+05,2.893805418631867360e+04,1.448242856933241710e+05,2.742961040148187749e+04,2.528094474149787129e+04,3.865810176734445849e+04,5.032683908285608777e+04,3.873684098323849634e-01,4.630631741281122649e-01,4.630631741281122649e-01,7.897864621337493674e-01,2.512469745638980234e-02,1.850888404098608442e-01,4.798033100963502440e-01,3.353772138332047903e-01,0.000000000000000000e+00,1.000000000000000078e-15,1.000000000000000062e-09,1.000000000000000021e-03,1.000000000000000000e+00,5.000000000000000000e+08,1.000000000000000000e+01,0.000000000000000000e+00,4.586419905761948712e+01
2.100000000000000000e+02,2.571428571428571530e+01,4.000000000000000083e-02,4.999999999999999774e-07,9.000000000000000000e+01,0.000000000000000000e+00,1.469932032360407037e-01,5.000000000000000000e-01,4.639872569021251984e+05,7.409631969436595682e+04,6.820297315274711582e+04,3.241538668560858932e+05,7.288014722685416928e+04,1.663431905311301234e+05,1.089165537987658172e+04,1.663579989628748308e+03,3.133959538497381181e-01,7.144805478945994714e-01,7.144805478945994714e-01,8.694805921275473581e-01,5.431106261200426694e-02,7.620834526044836799e-02,3.470649217859778091e-01,2.141320679296510043e-01,0.000000000000000000e+00,1.000000000000000078e-15,1.000000000000000062e-09,1.000000000000000021e-03,1.000000000000000000e+00,5.000000000000000000e+08,1.000000000000000000e+01,0.000000000000000000e+00,4.586419905761948712e+01
2.200000000000000000e+02,2.571428571428571530e+01,4.000000000000000083e-02,4.999999999999999774e-07,9.000000000000000000e+01,0.000000000000000000e+00,1.023477940537802638e-01,2.264869553025259663e-01,2.683464065775814233e+05,5.809300259528624592e+05,2.746466275547428813e+04,1.482928120750722010e+05,1.758285190826964754e+04,8.136131247800293204e+04,4.097645838980968983e+04,1.939713453356455138e+05,6.316415393142881252e-01,4.046382364142809829e-01,4.046382364142809829e-01,7.577042695029904129e-01,1.530611342819505893e-01,8.923459621505899775e-02,7.888211407839316180e-01,2.217962987622191240e-01,0.000000000000000000e+00,1.000000000000000078e-15,1.000000000000000062e-09,1.000000000000000021e-03,1.000000000000000000e+00,5.000000000000000000e+08,1.000000000000000000e+01,0.000000000000000000e+00,4.586419905761948712e+01
2.000000000000000000e+02,2.714285714285714235e+01,4.000000000000000083e-02,4.999999999999999774e-07,9.000000000000000000e+01,0.000000000000000000e+00,1.155251492159387050e-01,3.747178704809126515e-01,2.607188638649787754e+05,3.574201591844530776e+05,3.011958565141168219e+04,1.561646877129615168e+05,2.292787405456026318e+04,5.312079329085164500e+04,2.734179682298038097e+04,7.797698408367553202e+04,6.469249520804167819e-01,4.606478907872787465e-01,4.606478907872787465e-01,6.742592375330537235e-01,5.529891839197587783e-02,2.704418440749704056e-01,9.340616419430936013e-01,3.096852899292725780e-01,0.000000000000000000e+00,1.000000000000000078e-15,1.000000000000000062e-09,1.000000000000000021e-03,1.000000000000000000e+00,5.000000000000000000e+08,1.000000000000000000e+01,0.000000000000000000e+00,4.729277048619091772e+01
2.100000000000000000e+02,2.714285714285714235e+01,4.000000000000000083e-02,4.999999999999999774e-07,9.000000000000000000e+01,0.000000000000000000e+00,1.220303576608000318e-01,3.600036953861109335e-01,3.935545661163870245e+05,2.136197642206445453e+05,4.802560446222368046e+04,2.443171353964478185e+05,3.785468631297043612e+04,1.097278574860341469e+05,1.842246584187676490e+04,5.453455647850657260e+04,6.089447428128749173e-01,5.757891822894594114e-01,5.757891822894594114e-01,6.451668769399797609e-01,1.847064705328287926e-01,1.701266525271914465e-01,8.507016217643208478e-01,3.253823979097155705e-01,0.000000000000000000e+00,1.000000000000000078e-15,1.000000000000000062e-09,1.000000000000000021e-03,1.000000000000000000e+00,5.000000000000000000e+08,1.000000000000000000e+01,0.000000000000000000e+00,4.729277048619091772e+01
2.200000000000000000e+02,2.714285714285714235e+01,4.000000000000000083e-02,4.999999999999999774e-07,9.000000000000000000e+01,0.000000000000000000e+00,1.077667734159334229e-01,5.000000000000000000e-01,3.056163296824236168e+05,4.553095302477517398e+05,3.293528575309495500e+04,1.748265286040086066e+05,6.443121552659040390e+03,1.000000000000000036e-10,4.906723898032453872e+04,1.000000000000000036e-10,7.960024055756338424e-01,4.503334553632943327e-01,4.503334553632943327e-01,9.295176543565587535e-01,6.742581723998015975e-02,3.056528403461086785e-03,8.218869567201190218e-01,4.752477720047240117e-01,0.000000000000000000e+00,1.000000000000000078e-15,1.000000000000000062e-09,1.000000000000000021e-03,1.000000000000000000e+00,5.000000000000000000e+08,1.000000000000000000e+01,0.000000000000000000e+00,4.729277048619091772e+01
2.000000000000000000e+02,2.857142857142857295e+01,4.000000000000000083e-02,4.999999999999999774e-07,9.000000000000000000e+01,0.000000000000000000e+00,1.537452527334653707e-01,5.000000000000000000e-01,1.667958314477934618e+05,2.439279461495351861e+05,2.564406726082949899e+04,1.197920014677412255e+05,2.063033427712063349e+04,3.384568788411980495e+04,3.223168478036630040e+04,5.985098267689330532e+04,5.364168827024442532e-01,4.526296991039414075e-01,4.526296991039414075e-01,8.436750790696165847e-01,1.036028613486927180e-01,5.272205958169069728e-02,5.980826518447198703e-01,3.072256277754432663e-01,0.000000000000000000e+00,1.000000000000000078e-15,1.000000000000000062e-09,1.000000000000000021e-03,1.000000000000000000e+00,5.000000000000000000e+08,1.000000000000000000e+01,0.000000000000000000e+00,4.872134191476234832e+01
2.100000000000000000e+02,2.857142857142857295e+01,4.000000000000000083e-02,4.999999999999999774e-07,9.000000000000000000e+01,0.000000000000000000e+00,1.783791660042202132e-01,5.000000000000000000e-01,5.566591991114014527e+05,8.428181975103048899e+03,9.929640368606895208e+04,4.368446187708738144e+05,7.705810157674706716e+04,1.172622207076222730e+04,1.503412071650683856e+03,1.000000000000000036e-10,4.258225959484266410e-01,8.904344078359827108e-01,8.904344078359827108e-01,9.477119443550956479e-01,4.852877058177434977e-02,3.759285063130002325e-03,4.357266921914602076e-01,2.653931910873630340e-01,0.000000000000000000e+00,1.000000000000000078e-15,1.000000000000000062e-09,1.000000000000000021e-03,1.000000000000000000e+00,5.000000000000000000e+08,1.000000000000000000e+01,0.000000000000000000e+00,4.872134191476234832e+01
2.200000000000000000e+02,2.857142857142857295e+01,4.000000000000000083e-02,4.999999999999999774e-07,9.000000000000000000e+01,0.000000000000000000e+00,1.408013425423511045e-01,5.000000000000000000e-01,8.683217346260530176e+05,5.412937150410045433e+03,1.222608659940513899e+05,5.905864164529558038e+05,1.010258677995590406e+05,1.810250162794217758e+05,7.621488178751028499e+02,1.000000000000000036e-10,6.794229174667151261e-01,9.268232564129079698e-01,9.268232564129079698e-01,6.704640333225184712e-01,1.095452922138048235e-01,2.199906744636767053e-01,9.388313052269317005e-01,4.561610357229475277e-01,0.000000000000000000e+00,1.000000000000000078e-15,1.000000000000000062e-09,1.000000000000000021e-03,1.000000000000000000e+00,5.000000000000000000e+08,1.000000000000000000e+01,0.000000000000000000e+00,4.872134191476234832e+01
2.000000000000000000e+02,3.000000000000000000e+01,4.000000000000000083e-02,4.999999999999999774e-07,9.000000000000000000e+01,0.000000000000000000e+00,2.304027176350434414e-01,5.000000000000000000e-01,2.249869830871382437e+05,4.950575367717049085e+04,5.183761233578620886e+04,2.032322487400787650e+05,6.259171490271366201e+04,3.298240774629355292e+04,9.899057043315204282e+03,1.000000000000000036e-10,3.461223225431889206e-01,6.806970100946110325e-01,6.806970100946110325e-01,6.912467585379036272e-01,1.621219674868853988e-01,1.466312739752109739e-01,4.257316429564114157e-01,3.197389295608359383e-01,0.000000000000000000e+00,1.000000000000000078e-15,1.000000000000000062e-09,1.000000000000000021e-03,1.000000000000000000e+00,5.000000000000000000e+08,1.000000000000000000e+01,0.000000000000000000e+00,5.014991334333377182e+01
2.100000000000000000e+02,3.000000000000000000e+01,4.000000000000000083e-02,4.999999999999999774e-07,9.000000000000000000e+01,0.000000000000000000e+00,1.955112398626891734e-01,5.000000000000000000e-01,4.823221931337732822e+05,9.170195362131053116e+03,9.429940999287544400e+04,3.988402731763903284e+05,1.030962470736347605e+05,1.236970119794389466e+05,1.792876265033324671e+03,1.000000000000000036e-10,4.982675018613347828e-01,8.788225367303277302e-01,8.788225367303277302e-01,6.124379491813237708e-01,5.483747900835506117e-02,3.327245718103211680e-01,7.909509003762955626e-01,2.527314308092685202e-01,0.000000000000000000e+00,1.000000000000000078e-15,1.000000000000000062e-09,1.000000000000000021e-03,1.000000000000000000e+00,5.000000000000000000e+08,1.000000000000000000e+01,0.000000000000000000e+00,5.014991334333377182e+01
2.200000000000000000e+02,3.000000000000000000e+01,4.000000000000000083e-02,4.999999999999999774e-07,9.000000000000000000e+01,0.000000000000000000e+00,2.201514955830078113e-01,5.000000000000000000e-01,5.084812446761567844e+04,2.764817662062170566e+05,1.119429064913652473e+04,4.485389729400579381e+04,5.989615298186135078e+03,1.000000000000000036e-10,5.732671272174843034e+04,1.405554364130068097e+04,4.107115616602174946e-01,3.001358965252671207e-01,3.001358965252671207e-01,8.923920810668617420e-01,9.743211881400788699e-02,1.017580011913037097e-02,4.340773108585201934e-01,2.395966254602205914e-01,0.000000000000000000e+00,1.000000000000000078e-15,1.000000000000000062e-09,1.000000000000000021e-03,1.000000000000000000e+00,5.000000000000000000e+08,1.000000000000000000e+01,0.000000000000000000e+00,5.014991334333377182e+01
