# dt (s),ls (dB),QBERI,Pec,maxElev (deg),SKL (b),QBER,phiX,nX,nZ,mX,lambdaEC,sX0,sX1,vZ1,sZ1,mean photon no.,PxA,PxB,P1,P2,P3,mu1,mu2,mu3,eps_c,eps_s,Pap,NoPass,fs (Hz),minElev (deg),shiftElev (deg),SysLoss (dB),sigma2,T_turb
2.000000000000000000e+02,0.000000000000000000e+00,5.000000000000000104e-03,9.999999999999999547e-08,9.000000000000000000e+01,1.837553731259599030e+08,5.529956407426762401e-03,1.780208065652775368e-02,5.288594960183604360e+08,6.962294235993648181e+05,2.924569958635220770e+06,3.031951158629175276e+07,1.161068517918681027e+04,2.457436509164398909e+08,3.850118362072348646e+03,2.475654263339884055e+05,6.921492547996700440e-01,9.649871422036878643e-01,9.649871422036878643e-01,9.615934070774925235e-01,2.818540739366384718e-02,1.022118552884362930e-02,7.168629786630308365e-01,1.000000000000002276e-01,0.000000000000000000e+00,1.000000000000000078e-15,1.000000000000000062e-09,1.000000000000000021e-03,1.000000000000000000e+00,5.000000000000000000e+08,1.000000000000000000e+01,0.000000000000000000e+00,2.006957159378539757e+01,4.030098058219158247e+03,1.019756750633103781e+00
2.100000000000000000e+02,0.000000000000000000e+00,5.000000000000000104e-03,9.999999999999999547e-08,9.000000000000000000e+01,1.854688920188382268e+08,5.531360518775787875e-03,1.785473255153180103e-02,5.340437699702870846e+08,6.936101559323936235e+05,2.953988624511824921e+06,3.062324132489657402e+07,1.234591647817432386e+04,2.481453458188935518e+08,3.836607831946360875e+03,2.460243812291582872e+05,6.923315745080278472e-01,9.652148956313246764e-01,9.652148956313246764e-01,9.618767242160345399e-01,2.802206688122887285e-02,1.010120890273658728e-02,7.168583566484542091e-01,1.000000000000002276e-01,0.000000000000000000e+00,1.000000000000000078e-15,1.000000000000000062e-09,1.000000000000000021e-03,1.000000000000000000e+00,5.000000000000000000e+08,1.000000000000000000e+01,0.000000000000000000e+00,2.006957159378539757e+01,4.030098058219158247e+03,1.019756750633103781e+00
2.200000000000000000e+02,0.000000000000000000e+00,5.000000000000000104e-03,9.999999999999999547e-08,9.000000000000000000e+01,1.869614666153934002e+08,5.532800217307492358e-03,1.778705077625877123e-02,5.378862984950853586e+08,7.067601074122913415e+05,2.976017429200330749e+06,3.085030854893958569e+07,1.306694196363395713e+04,2.500069458593646288e+08,3.910362475874991560e+03,2.513993507498750987e+05,6.921746700067387126e-01,9.650194339708000335e-01,9.650194339708000335e-01,9.620574742575448424e-01,2.797345540601374470e-02,9.969070336441412938e-03,7.165656344992851201e-01,1.000000000000002276e-01,0.000000000000000000e+00,1.000000000000000078e-15,1.000000000000000062e-09,1.000000000000000021e-03,1.000000000000000000e+00,5.000000000000000000e+08,1.000000000000000000e+01,0.000000000000000000e+00,2.006957159378539757e+01,4.030098058219158247e+03,1.019756750633103781e+00
2.000000000000000000e+02,1.428571428571428603e+00,5.000000000000000104e-03,9.999999999999999547e-08,9.000000000000000000e+01,1.302815124152469784e+08,5.543713787193789780e-03,1.833862988448203488e-02,3.769297726272532940e+08,5.967503682400060352e+05,2.089590777317524422e+06,2.165442802804852650e+07,1.181960429584087251e+04,1.750296921870688796e+08,3.308213243925092684e+03,2.086061669839512906e+05,6.896538315261209195e-01,9.617333196022342934e-01,9.617333196022342934e-01,9.588520148627732720e-01,3.016705571633559319e-02,1.098092942089113483e-02,7.161033353543673208e-01,1.000000000000002276e-01,0.000000000000000000e+00,1.000000000000000078e-15,1.000000000000000062e-09,1.000000000000000021e-03,1.000000000000000000e+00,5.000000000000000000e+08,1.000000000000000000e+01,0.000000000000000000e+00,2.149814302235682462e+01,4.030098058219158247e+03,1.019756750633103781e+00
2.100000000000000000e+02,1.428571428571428603e+00,5.000000000000000104e-03,9.999999999999999547e-08,9.000000000000000000e+01,1.314978006244552732e+08,5.545709824713473089e-03,1.833184718071336275e-02,3.802824981537981033e+08,5.966193233431348344e+05,2.108936386178101413e+06,2.185363249377054721e+07,1.260973863516957499e+04,1.766516217959270477e+08,3.308677643077926405e+03,2.087105439089704014e+05,6.893037640557219126e-01,9.618999630763943598e-01,9.618999630763943598e-01,9.587574291823951489e-01,3.026409838312310932e-02,1.097847243448174179e-02,7.157987342039686673e-01,1.000000000000002276e-01,0.000000000000000000e+00,1.000000000000000078e-15,1.000000000000000062e-09,1.000000000000000021e-03,1.000000000000000000e+00,5.000000000000000000e+08,1.000000000000000000e+01,0.000000000000000000e+00,2.149814302235682462e+01,4.030098058219158247e+03,1.019756750633103781e+00
2.200000000000000000e+02,1.428571428571428603e+00,5.000000000000000104e-03,9.999999999999999547e-08,9.000000000000000000e+01,1.325564491959964335e+08,5.547750291877901786e-03,1.828383943461200228e-02,3.829547587500593066e+08,6.001082277943921508e+05,2.124537374631673098e+06,2.201398451728197187e+07,1.346506456944316960e+04,1.779984110014538169e+08,3.329250595904670263e+03,2.104698609583069338e+05,6.887245960949399670e-01,9.619214278963763576e-01,9.619214278963763576e-01,9.587280339325670031e-01,3.011996283179805764e-02,1.115200323563493925e-02,7.152316147459085727e-01,1.000000000000002276e-01,0.000000000000000000e+00,1.000000000000000078e-15,1.000000000000000062e-09,1.000000000000000021e-03,1.000000000000000000e+00,5.000000000000000000e+08,1.000000000000000000e+01,0.000000000000000000e+00,2.149814302235682462e+01,4.030098058219158247e+03,1.019756750633103781e+00
2.000000000000000000e+02,2.857142857142857206e+00,5.000000000000000104e-03,9.999999999999999547e-08,9.000000000000000000e+01,9.222309934873048961e+07,5.563045557386018386e-03,1.887699212052605310e-02,2.679374103981890082e+08,5.061589174166917801e+05,1.490548020573159680e+06,1.543784061446901783e+07,1.215154099478685384e+04,1.244624090735194534e+08,2.815785116866244607e+03,1.744996960130462248e+05,6.856703052331932779e-01,9.583466994542497730e-01,9.583466994542497730e-01,9.549224072910343919e-01,3.288936763883319042e-02,1.218822507013241768e-02,7.145935243106497081e-01,1.000000000000002276e-01,0.000000000000000000e+00,1.000000000000000078e-15,1.000000000000000062e-09,1.000000000000000021e-03,1.000000000000000000e+00,5.000000000000000000e+08,1.000000000000000000e+01,0.000000000000000000e+00,2.292671445092825522e+01,4.030098058219158247e+03,1.019756750633103781e+00
2.100000000000000000e+02,2.857142857142857206e+00,5.000000000000000104e-03,9.999999999999999547e-08,9.000000000000000000e+01,9.308399278096067905e+07,5.565832164398606431e-03,1.883586941040753943e-02,2.702553105947613120e+08,5.095390907178462949e+05,1.504195700307857944e+06,1.557792762215544097e+07,1.294305726788322863e+04,1.255847716931508183e+08,2.836009060135807886e+03,1.760434069439763261e+05,6.853396040902743902e-01,9.583857581462764674e-01,9.583857581462764674e-01,9.548488798877216022e-01,3.296494994729672751e-02,1.218617016498167033e-02,7.142942966804805005e-01,1.000000000000002276e-01,0.000000000000000000e+00,1.000000000000000078e-15,1.000000000000000062e-09,1.000000000000000021e-03,1.000000000000000000e+00,5.000000000000000000e+08,1.000000000000000000e+01,0.000000000000000000e+00,2.292671445092825522e+01,4.030098058219158247e+03,1.019756750633103781e+00
2.200000000000000000e+02,2.857142857142857206e+00,5.000000000000000104e-03,9.999999999999999547e-08,9.000000000000000000e+01,9.383281283560582995e+07,5.568629421381163756e-03,1.885012301112291497e-02,2.724360540763014555e+08,5.092234666138627799e+05,1.517095426174282096e+06,1.571024203856649436e+07,1.372984441407791383e+04,1.266142375217985958e+08,2.835676778243665467e+03,1.758908929431228316e+05,6.852583916471840508e-01,9.585580362616762384e-01,9.585580362616762384e-01,9.548608534882847554e-01,3.298805320865778878e-02,1.215109330305745583e-02,7.141978685533004745e-01,1.000000000000002276e-01,0.000000000000000000e+00,1.000000000000000078e-15,1.000000000000000062e-09,1.000000000000000021e-03,1.000000000000000000e+00,5.000000000000000000e+08,1.000000000000000000e+01,0.000000000000000000e+00,2.292671445092825522e+01,4.030098058219158247e+03,1.019756750633103781e+00
2.000000000000000000e+02,4.285714285714285587e+00,5.000000000000000104e-03,9.999999999999999547e-08,9.000000000000000000e+01,6.515925696313907206e+07,5.589993297449522176e-03,1.946658701443629985e-02,1.904742182141632140e+08,4.284436901598490076e+05,1.064749603154110024e+06,1.101914451193730533e+07,1.248875036128940155e+04,8.840443959355553985e+07,2.394997356328095520e+03,1.457344888316578872e+05,6.821923192154307758e-01,9.547201614476090725e-01,9.547201614476090725e-01,9.499206979297838416e-01,3.639875475306794672e-02,1.368054731714821171e-02,7.143253591788576440e-01,1.000000000000002276e-01,0.000000000000000000e+00,1.000000000000000078e-15,1.000000000000000062e-09,1.000000000000000021e-03,1.000000000000000000e+00,5.000000000000000000e+08,1.000000000000000000e+01,0.000000000000000000e+00,2.435528587949968227e+01,4.030098058219158247e+03,1.019756750633103781e+00
2.100000000000000000e+02,4.285714285714285587e+00,5.000000000000000104e-03,9.999999999999999547e-08,9.000000000000000000e+01,6.576662009188485891e+07,5.593860644128287145e-03,1.949127306797267950e-02,1.922266642077480853e+08,4.286286903206208954e+05,1.075289171663785586e+06,1.112697097561662644e+07,1.326645661425816797e+04,8.924809937202499807e+07,2.397689161728771978e+03,1.456999980154362274e+05,6.820217220120210477e-01,9.549084127135663014e-01,9.549084127135663014e-01,9.501177698358030943e-01,3.629018258753744647e-02,1.359204757665945923e-02,7.140090684447523151e-01,1.000000000000002276e-01,0.000000000000000000e+00,1.000000000000000078e-15,1.000000000000000062e-09,1.000000000000000021e-03,1.000000000000000000e+00,5.000000000000000000e+08,1.000000000000000000e+01,0.000000000000000000e+00,2.435528587949968227e+01,4.030098058219158247e+03,1.019756750633103781e+00
2.200000000000000000e+02,4.285714285714285587e+00,5.000000000000000104e-03,9.999999999999999547e-08,9.000000000000000000e+01,6.629437888324670494e+07,5.597778444534031415e-03,1.944111981751886140e-02,1.936464499632653296e+08,4.335819171075487975e+05,1.083989923464904539e+06,1.121573171067793667e+07,1.407081912979986737e+04,8.993325531103800237e+07,2.427095509524378031e+03,1.477244163020329142e+05,6.818507071982020662e-01,9.548193949182750551e-01,9.548193949182750551e-01,9.503180667497318490e-01,3.604829505248479532e-02,1.363363819778335567e-02,7.137040759549938551e-01,1.000000000000002276e-01,0.000000000000000000e+00,1.000000000000000078e-15,1.000000000000000062e-09,1.000000000000000021e-03,1.000000000000000000e+00,5.000000000000000000e+08,1.000000000000000000e+01,0.000000000000000000e+00,2.435528587949968227e+01,4.030098058219158247e+03,1.019756750633103781e+00
2.000000000000000000e+02,5.714285714285714413e+00,5.000000000000000104e-03,9.999999999999999547e-08,9.000000000000000000e+01,4.593376680688305199e+07,5.627832937936944405e-03,2.012930275486024545e-02,1.350228121965304017e+08,3.655229432361169020e+05,7.598858298525080318e+05,7.855491327192771249e+06,1.275348398457520852e+04,6.268900110712164640e+07,2.057102059515875681e+03,1.225811319153400691e+05,6.776578032987943256e-01,9.505432440528089888e-01,9.505432440528089888e-01,9.451606722366113766e-01,3.968179092551544357e-02,1.515753683787317979e-02,7.127778842215637400e-01,1.000000000000002276e-01,0.000000000000000000e+00,1.000000000000000078e-15,1.000000000000000062e-09,1.000000000000000021e-03,1.000000000000000000e+00,5.000000000000000000e+08,1.000000000000000000e+01,0.000000000000000000e+00,2.578385730807111287e+01,4.030098058219158247e+03,1.019756750633103781e+00
2.100000000000000000e+02,5.714285714285714413e+00,5.000000000000000104e-03,9.999999999999999547e-08,9.000000000000000000e+01,4.636044200666280836e+07,5.633235895181987890e-03,2.012811688389353620e-02,1.362420930357300639e+08,3.674127157616305049e+05,7.674838489235985326e+05,7.932801590995368548e+06,1.354149771869017604e+04,6.327510145887867361e+07,2.069722498774714040e+03,1.232760844636765250e+05,6.775120696320074964e-01,9.506332606557659215e-01,9.506332606557659215e-01,9.453857442463993177e-01,3.951315695709387010e-02,1.510109879650681219e-02,7.124718751425825891e-01,1.000000000000002276e-01,0.000000000000000000e+00,1.000000000000000078e-15,1.000000000000000062e-09,1.000000000000000021e-03,1.000000000000000000e+00,5.000000000000000000e+08,1.000000000000000000e+01,0.000000000000000000e+00,2.578385730807111287e+01,4.030098058219158247e+03,1.019756750633103781e+00
2.200000000000000000e+02,5.714285714285714413e+00,5.000000000000000104e-03,9.999999999999999547e-08,9.000000000000000000e+01,0.000000000000000000e+00,5.818830654973156102e-03,5.000000000000000000e-01,6.724092102311842144e+07,1.080214368831359053e+02,3.912635325179503998e+05,4.022858809385942295e+06,2.701677214632765026e+04,4.309664382679518312e+07,6.285584483298390923e-01,1.000000000000000036e-10,3.003872441343327093e-01,9.987341331090446861e-01,9.987341331090446861e-01,7.010197649780494089e-01,2.598564774805526278e-01,3.912375754139796324e-02,3.175200172886896155e-01,2.993938692354195519e-01,0.000000000000000000e+00,1.000000000000000078e-15,1.000000000000000062e-09,1.000000000000000021e-03,1.000000000000000000e+00,5.000000000000000000e+08,1.000000000000000000e+01,0.000000000000000000e+00,2.578385730807111287e+01,4.030098058219158247e+03,1.019756750633103781e+00
2.000000000000000000e+02,7.142857142857143238e+00,5.000000000000000104e-03,9.999999999999999547e-08,9.000000000000000000e+01,3.229258108594853804e+07,5.680631369976957279e-03,2.092805374324687578e-02,9.564618000040531158e+07,3.146766719221917447e+05,5.433306905287650879e+05,5.608288812631867826e+06,1.292591312535892030e+04,4.439781046459986269e+07,1.787562173921149679e+03,1.037251248723275057e+05,6.735945256950812698e-01,9.457529454888398135e-01,9.457529454888398135e-01,9.408061361738503381e-01,4.265414477187677578e-02,1.653971905427288613e-02,7.114421191383568654e-01,1.000000000000002276e-01,0.000000000000000000e+00,1.000000000000000078e-15,1.000000000000000062e-09,1.000000000000000021e-03,1.000000000000000000e+00,5.000000000000000000e+08,1.000000000000000000e+01,0.000000000000000000e+00,2.721242873664253992e+01,4.030098058219158247e+03,1.019756750633103781e+00
2.100000000000000000e+02,7.142857142857143238e+00,5.000000000000000104e-03,9.999999999999999547e-08,9.000000000000000000e+01,3.259060101968212798e+07,5.688248197834854317e-03,2.092148738667086449e-02,9.649995263106337190e+07,3.149791156467092806e+05,5.489156816447949968e+05,5.664702976108393632e+06,1.375068692218645992e+04,4.481026079899540544e+07,1.791679386933010392e+03,1.039748951659324666e+05,6.732168421872657404e-01,9.459559081282468140e-01,9.459559081282468140e-01,9.406147860952748241e-01,4.276355354519128377e-02,1.662166035953389215e-02,7.111736884444316287e-01,1.000000000000002276e-01,0.000000000000000000e+00,1.000000000000000078e-15,1.000000000000000062e-09,1.000000000000000021e-03,1.000000000000000000e+00,5.000000000000000000e+08,1.000000000000000000e+01,0.000000000000000000e+00,2.721242873664253992e+01,4.030098058219158247e+03,1.019756750633103781e+00
2.200000000000000000e+02,7.142857142857143238e+00,5.000000000000000104e-03,9.999999999999999547e-08,9.000000000000000000e+01,3.284846251479669660e+07,5.695850831992597778e-03,2.090247013782804003e-02,9.726070595833046734e+07,3.172929740590844885e+05,5.539824729529439937e+05,5.715749443623352796e+06,1.453164485687404340e+04,4.516572712769780308e+07,1.807253450279841218e+03,1.048922184315244085e+05,6.732324654843876433e-01,9.459695392476820119e-01,9.459695392476820119e-01,9.406241408653311931e-01,4.285930447221825146e-02,1.651655466245055548e-02,7.111730456139108147e-01,1.000000000000002276e-01,0.000000000000000000e+00,1.000000000000000078e-15,1.000000000000000062e-09,1.000000000000000021e-03,1.000000000000000000e+00,5.000000000000000000e+08,1.000000000000000000e+01,0.000000000000000000e+00,2.721242873664253992e+01,4.030098058219158247e+03,1.019756750633103781e+00
2.000000000000000000e+02,8.571428571428571175e+00,5.000000000000000104e-03,9.999999999999999547e-08,9.000000000000000000e+01,2.262694462953342497e+07,5.754961223408186326e-03,2.186075153590672296e-02,6.758407812690825760e+07,2.676172235973570496e+05,3.889437489401464118e+05,4.006212409894595388e+06,1.313360897161632602e+04,3.138312025355132669e+07,1.540126744518948271e+03,8.675215848972424283e+04,6.681557607417516476e-01,9.407986617296908438e-01,9.407986617296908438e-01,9.350463839310126923e-01,4.669814174766547671e-02,1.825547432132183095e-02,7.095754370789981724e-01,1.000000000000002276e-01,0.000000000000000000e+00,1.000000000000000078e-15,1.000000000000000062e-09,1.000000000000000021e-03,1.000000000000000000e+00,5.000000000000000000e+08,1.000000000000000000e+01,0.000000000000000000e+00,2.864100016521396697e+01,4.030098058219158247e+03,1.019756750633103781e+00
2.100000000000000000e+02,8.571428571428571175e+00,5.000000000000000104e-03,9.999999999999999547e-08,9.000000000000000000e+01,2.283338957076162845e+07,5.765495517011770890e-03,2.181230649311861891e-02,6.818986607796446979e+07,2.701251334515116760e+05,3.931483671781371813e+05,4.048314244085351937e+06,1.395006098446696524e+04,3.166525389384458214e+07,1.557405245946896684e+03,8.782632887117374048e+04,6.681051197495884164e-01,9.407874077560816062e-01,9.407874077560816062e-01,9.349701674503705373e-01,4.666949716562768941e-02,1.836033538400177328e-02,7.095821804049612380e-01,1.000000000000002276e-01,0.000000000000000000e+00,1.000000000000000078e-15,1.000000000000000062e-09,1.000000000000000021e-03,1.000000000000000000e+00,5.000000000000000000e+08,1.000000000000000000e+01,0.000000000000000000e+00,2.864100016521396697e+01,4.030098058219158247e+03,1.019756750633103781e+00
2.200000000000000000e+02,8.571428571428571175e+00,5.000000000000000104e-03,9.999999999999999547e-08,9.000000000000000000e+01,2.301144081014179438e+07,5.776109631730226915e-03,2.186603098141787910e-02,6.876450948565691710e+07,2.702447328234305605e+05,3.971913455613074475e+05,4.088719337257646024e+06,1.473160761655668466e+04,3.193288443399556354e+07,1.560963204185778523e+03,8.779090547478101507e+04,6.681827573331373671e-01,9.410084295141039057e-01,9.410084295141039057e-01,9.350281613943262071e-01,4.678133477146639158e-02,1.819050383420740130e-02,7.096092409308442095e-01,1.000000000000002276e-01,0.000000000000000000e+00,1.000000000000000078e-15,1.000000000000000062e-09,1.000000000000000021e-03,1.000000000000000000e+00,5.000000000000000000e+08,1.000000000000000000e+01,0.000000000000000000e+00,2.864100016521396697e+01,4.030098058219158247e+03,1.019756750633103781e+00
2.000000000000000000e+02,1.000000000000000000e+01,5.000000000000000104e-03,9.999999999999999547e-08,9.000000000000000000e+01,1.578903465760136396e+07,5.859081677541445182e-03,2.289440479880829049e-02,4.768025092038578540e+07,2.291485520012674388e+05,2.793624845482109813e+05,2.869092178875135724e+06,1.334898565650169439e+04,2.212790099475286901e+07,1.342600082465778996e+03,7.319991189713963831e+04,6.626945643181144652e-01,9.351694643234622628e-01,9.351694643234622628e-01,9.283008211202874449e-01,5.122687801561243842e-02,2.047230086410011668e-02,7.083607614641400652e-01,1.000000000000002276e-01,0.000000000000000000e+00,1.000000000000000078e-15,1.000000000000000062e-09,1.000000000000000021e-03,1.000000000000000000e+00,5.000000000000000000e+08,1.000000000000000000e+01,0.000000000000000000e+00,3.006957159378539757e+01,4.030098058219158247e+03,1.019756750633103781e+00
2.100000000000000000e+02,1.000000000000000000e+01,5.000000000000000104e-03,9.999999999999999547e-08,9.000000000000000000e+01,1.593044610459564440e+07,5.873721943166264857e-03,2.289043884650367525e-02,4.813188089212809503e+07,2.306746048945754301e+05,2.827132849619578337e+05,2.902321150475448929e+06,1.413954526462460672e+04,2.233365648237441853e+07,1.354918488500475632e+03,7.381560135290086328e+04,6.628376482978858286e-01,9.352539850196887050e-01,9.352539850196887050e-01,9.281225242555460886e-01,5.149522678523801855e-02,2.038224895921589286e-02,7.086220929148319136e-01,1.000000000000002415e-01,0.000000000000000000e+00,1.000000000000000078e-15,1.000000000000000062e-09,1.000000000000000021e-03,1.000000000000000000e+00,5.000000000000000000e+08,1.000000000000000000e+01,0.000000000000000000e+00,3.006957159378539757e+01,4.030098058219158247e+03,1.019756750633103781e+00
2.200000000000000000e+02,1.000000000000000000e+01,5.000000000000000104e-03,9.999999999999999547e-08,9.000000000000000000e+01,1.605180326796025597e+07,5.888587814604849535e-03,2.294404288370473916e-02,4.853176481670806557e+07,2.312845060353883600e+05,2.857835589209354948e+05,2.932627947595741134e+06,1.494625009560269609e+04,2.252044543908414990e+07,1.361939123946889595e+03,7.398541795647231629e+04,6.629010671078465755e-01,9.354243343841177616e-01,9.354243343841177616e-01,9.283452766412705337e-01,5.128524672724758815e-02,2.036947663148187815e-02,7.085429947087424907e-01,1.000000000000002276e-01,0.000000000000000000e+00,1.000000000000000078e-15,1.000000000000000062e-09,1.000000000000000021e-03,1.000000000000000000e+00,5.000000000000000000e+08,1.000000000000000000e+01,0.000000000000000000e+00,3.006957159378539757e+01,4.030098058219158247e+03,1.019756750633103781e+00
2.000000000000000000e+02,1.142857142857142883e+01,5.000000000000000104e-03,9.999999999999999547e-08,9.000000000000000000e+01,1.096030583802928962e+07,6.004865730327067774e-03,2.416758430971797933e-02,3.358900061041755974e+07,1.970409621547921561e+05,2.016974386814313766e+05,2.063140545309006935e+06,1.348213643036491521e+04,1.556694427651732601e+07,1.183204521113984811e+03,6.192353831634512608e+04,6.572898852367082823e-01,9.288575474420107669e-01,9.288575474420107669e-01,9.208918361220693738e-01,5.650607576840651486e-02,2.260208810952411135e-02,7.076176073011566370e-01,1.000000000000002276e-01,0.000000000000000000e+00,1.000000000000000078e-15,1.000000000000000062e-09,1.000000000000000021e-03,1.000000000000000000e+00,5.000000000000000000e+08,1.000000000000000000e+01,0.000000000000000000e+00,3.149814302235682817e+01,4.030098058219158247e+03,1.019756750633103781e+00
2.100000000000000000e+02,1.142857142857142883e+01,5.000000000000000104e-03,9.999999999999999547e-08,9.000000000000000000e+01,1.105562511058460176e+07,6.025345565520088750e-03,2.417823420761165687e-02,3.390267856661055982e+07,1.988648308056659298e+05,2.042753539605799015e+05,2.088342293616862502e+06,1.427702492446610086e+04,1.571126670036457665e+07,1.198229326432821836e+03,6.259749135116715479e+04,6.574524668969020658e-01,9.288602454748362547e-01,9.288602454748362547e-01,9.210788505269733584e-01,5.634494393783549132e-02,2.257620553519115031e-02,7.076679397536881355e-01,1.000000000000002276e-01,0.000000000000000000e+00,1.000000000000000078e-15,1.000000000000000062e-09,1.000000000000000021e-03,1.000000000000000000e+00,5.000000000000000000e+08,1.000000000000000000e+01,0.000000000000000000e+00,3.149814302235682817e+01,4.030098058219158247e+03,1.019756750633103781e+00
2.200000000000000000e+02,1.142857142857142883e+01,5.000000000000000104e-03,9.999999999999999547e-08,9.000000000000000000e+01,1.113682553245161101e+07,6.046290779011932390e-03,2.421165666579699893e-02,3.417258984200439602e+07,1.997392097428081033e+05,2.066174148566680087e+05,2.111082041994423140e+06,1.510207322750587809e+04,1.583803255172001570e+07,1.207681342075070916e+03,6.295111851244988793e+04,6.573553514069238046e-01,9.289772027458461645e-01,9.289772027458461645e-01,9.211124287261086563e-01,5.617259395990805565e-02,2.271497731398328807e-02,7.075554206909158150e-01,1.000000000000002276e-01,0.000000000000000000e+00,1.000000000000000078e-15,1.000000000000000062e-09,1.000000000000000021e-03,1.000000000000000000e+00,5.000000000000000000e+08,1.000000000000000000e+01,0.000000000000000000e+00,3.149814302235682817e+01,4.030098058219158247e+03,1.019756750633103781e+00
2.000000000000000000e+02,1.285714285714285765e+01,5.000000000000000104e-03,9.999999999999999547e-08,9.000000000000000000e+01,7.557725922270645387e+06,6.209715520601833544e-03,2.564173309634389455e-02,2.358874738623504341e+07,1.707075542317816580e+05,1.464794107558596879e+05,1.490073178900293773e+06,1.362100022754265956e+04,1.091168883951539919e+07,1.060045348997073688e+03,5.292254415675380733e+04,6.512325995842973558e-01,9.215999444808938845e-01,9.215999444808938845e-01,9.124289322916222522e-01,6.218371268890338088e-02,2.538735501947436690e-02,7.069199643805830213e-01,1.000000000000002276e-01,0.000000000000000000e+00,1.000000000000000078e-15,1.000000000000000062e-09,1.000000000000000021e-03,1.000000000000000000e+00,5.000000000000000000e+08,1.000000000000000000e+01,0.000000000000000000e+00,3.292671445092825877e+01,4.030098058219158247e+03,1.019756750633103781e+00
2.100000000000000000e+02,1.285714285714285765e+01,5.000000000000000104e-03,9.999999999999999547e-08,9.000000000000000000e+01,7.620492258230077103e+06,6.236133509913595330e-03,2.574748283380163399e-02,2.388267254189340025e+07,1.728159182689856389e+05,1.489355345447947329e+05,1.513996858393534319e+06,1.436803791129318051e+04,1.102287389707625099e+07,1.077703138963710444e+03,5.348360864240572118e+04,6.533991209169004444e-01,9.216038575179807957e-01,9.216038575179807957e-01,9.129031110826455464e-01,6.193705949676228673e-02,2.515982942059216687e-02,7.089530171495190825e-01,1.000000000000002276e-01,0.000000000000000000e+00,1.000000000000000078e-15,1.000000000000000062e-09,1.000000000000000021e-03,1.000000000000000000e+00,5.000000000000000000e+08,1.000000000000000000e+01,0.000000000000000000e+00,3.292671445092825877e+01,4.030098058219158247e+03,1.019756750633103781e+00
2.200000000000000000e+02,1.285714285714285765e+01,5.000000000000000104e-03,9.999999999999999547e-08,9.000000000000000000e+01,7.673354940667740069e+06,6.265402525662653807e-03,2.583605566840296505e-02,2.407291403080340102e+07,1.736270072246697673e+05,1.508264963686555566e+05,1.532033714986037230e+06,1.516946336036825414e+04,1.111382762480722554e+07,1.087843089588693601e+03,5.374514423645952775e+04,6.532926471405854363e-01,9.217212457735292075e-01,9.217212457735292075e-01,9.132060719795440651e-01,6.166788953873608009e-02,2.512603848171985482e-02,7.086307001703856523e-01,1.000000000000002276e-01,0.000000000000000000e+00,1.000000000000000078e-15,1.000000000000000062e-09,1.000000000000000021e-03,1.000000000000000000e+00,5.000000000000000000e+08,1.000000000000000000e+01,0.000000000000000000e+00,3.292671445092825877e+01,4.030098058219158247e+03,1.019756750633103781e+00
2.000000000000000000e+02,1.428571428571428648e+01,5.000000000000000104e-03,9.999999999999999547e-08,9.000000000000000000e+01,5.166304187797291204e+06,6.494814765033326415e-03,2.760275187359982618e-02,1.656181537667987123e+07,1.490599120979390573e+05,1.075659230442164117e+05,1.086116259332464775e+06,1.366556247515721952e+04,7.629237796354616992e+06,9.681165179682645885e+02,4.536568962636029028e+04,6.464597943489502896e-01,9.133508880164969979e-01,9.133508880164969979e-01,9.040222459136146860e-01,6.776845652042551293e-02,2.820929756595980109e-02,7.075964685475600868e-01,1.000000000000002276e-01,0.000000000000000000e+00,1.000000000000000078e-15,1.000000000000000062e-09,1.000000000000000021e-03,1.000000000000000000e+00,5.000000000000000000e+08,1.000000000000000000e+01,0.000000000000000000e+00,3.435528587949968227e+01,4.030098058219158247e+03,1.019756750633103781e+00
2.100000000000000000e+02,1.428571428571428648e+01,5.000000000000000104e-03,9.999999999999999547e-08,9.000000000000000000e+01,5.206186770155607723e+06,6.535207038106034295e-03,2.768849809235455345e-02,1.671584697736451216e+07,1.501143323408005817e+05,1.092415208143760392e+05,1.101897965686632553e+06,1.446059117449676523e+04,7.700480649877089076e+06,9.810282412341881582e+02,4.575750200571685855e+04,6.464495101690973522e-01,9.134382405635732560e-01,9.134382405635732560e-01,9.039943270257138064e-01,6.783424745154403857e-02,2.817142552274215506e-02,7.075996677197597950e-01,1.000000000000002276e-01,0.000000000000000000e+00,1.000000000000000078e-15,1.000000000000000062e-09,1.000000000000000021e-03,1.000000000000000000e+00,5.000000000000000000e+08,1.000000000000000000e+01,0.000000000000000000e+00,3.435528587949968227e+01,4.030098058219158247e+03,1.019756750633103781e+00
2.200000000000000000e+02,1.428571428571428648e+01,5.000000000000000104e-03,9.999999999999999547e-08,9.000000000000000000e+01,5.239124344044280238e+06,6.575860609326640571e-03,2.781097120464036052e-02,1.685403365573959053e+07,1.510777454697781941e+05,1.108297760250434512e+05,1.116764380008554319e+06,1.523710326485094265e+04,7.763987246922261082e+06,9.934661953805904204e+02,4.606589643619854905e+04,6.465845159994572100e-01,9.135107771957025058e-01,9.135107771957025058e-01,9.041187083890288578e-01,6.795835420513463010e-02,2.792293740583651207e-02,7.076379181655559902e-01,1.000000000000002276e-01,0.000000000000000000e+00,1.000000000000000078e-15,1.000000000000000062e-09,1.000000000000000021e-03,1.000000000000000000e+00,5.000000000000000000e+08,1.000000000000000000e+01,0.000000000000000000e+00,3.435528587949968227e+01,4.030098058219158247e+03,1.019756750633103781e+00
2.000000000000000000e+02,1.571428571428571530e+01,5.000000000000000104e-03,9.999999999999999547e-08,9.000000000000000000e+01,3.491645176781834103e+06,6.899301969046036168e-03,2.990655157986294582e-02,1.156111309870796464e+07,1.292182295932074776e+05,7.976361036627978319e+04,7.972984756792606786e+05,1.368458791949801889e+04,5.304103257964747027e+06,8.915155858690591231e+02,3.893472761752831866e+04,6.389854877078334772e-01,9.043871126277961414e-01,9.043871126277961414e-01,8.937051017626744809e-01,7.525323755170787443e-02,3.104166068561764469e-02,7.061495668002657489e-01,1.049259474784447199e-01,0.000000000000000000e+00,1.000000000000000078e-15,1.000000000000000062e-09,1.000000000000000021e-03,1.000000000000000000e+00,5.000000000000000000e+08,1.000000000000000000e+01,0.000000000000000000e+00,3.578385730807111287e+01,4.030098058219158247e+03,1.019756750633103781e+00
2.100000000000000000e+02,1.571428571428571530e+01,5.000000000000000104e-03,9.999999999999999547e-08,9.000000000000000000e+01,0.000000000000000000e+00,7.498882621462193455e-03,5.000000000000000000e-01,9.490607804390961304e+06,2.078120579046295097e+04,7.116895393146084098e+04,7.014271000956508797e+05,1.784265996737540627e+04,5.245873771670836024e+06,1.558358229551321870e+02,1.000000000000000036e-10,4.653414520238326468e-01,9.552979732080408848e-01,9.552979732080408848e-01,9.189949561947485801e-01,6.105675775732797433e-02,1.994828604792344556e-02,4.926052302097618796e-01,2.070160704593168588e-01,0.000000000000000000e+00,1.000000000000000078e-15,1.000000000000000062e-09,1.000000000000000021e-03,1.000000000000000000e+00,5.000000000000000000e+08,1.000000000000000000e+01,0.000000000000000000e+00,3.578385730807111287e+01,4.030098058219158247e+03,1.019756750633103781e+00
2.200000000000000000e+02,1.571428571428571530e+01,5.000000000000000104e-03,9.999999999999999547e-08,9.000000000000000000e+01,3.534673772132147569e+06,7.012879245669454906e-03,3.023464909444117943e-02,1.176630430286444351e+07,1.311221979731110914e+05,8.251567124378925655e+04,8.225447733225462725e+05,1.524593497664515053e+04,5.397877171460390091e+06,9.195441408121921540e+02,3.957496870375845174e+04,6.391748525772344980e-01,9.045152598760125562e-01,9.045152598760125562e-01,8.941551359897401685e-01,7.509098974751260425e-02,3.075387426274722724e-02,7.059889214388166412e-01,1.053552836027369655e-01,0.000000000000000000e+00,1.000000000000000078e-15,1.000000000000000062e-09,1.000000000000000021e-03,1.000000000000000000e+00,5.000000000000000000e+08,1.000000000000000000e+01,0.000000000000000000e+00,3.578385730807111287e+01,4.030098058219158247e+03,1.019756750633103781e+00
2.000000000000000000e+02,1.714285714285714235e+01,5.000000000000000104e-03,9.999999999999999547e-08,9.000000000000000000e+01,2.324924060096381232e+06,7.471544350128679624e-03,3.286184856547065547e-02,8.028130811150887050e+06,1.126299136278595979e+05,5.998253540414838062e+04,5.915439831244086381e+05,1.364542087101564539e+04,3.668036625349074602e+06,8.415193948217151956e+02,3.368051890914900287e+04,6.300719362274227464e-01,8.940978655252824758e-01,8.940978655252824758e-01,8.827753338595438759e-01,8.333039403009764867e-02,3.389427211035847542e-02,7.031477958102245740e-01,1.122088301307226227e-01,0.000000000000000000e+00,1.000000000000000078e-15,1.000000000000000062e-09,1.000000000000000021e-03,1.000000000000000000e+00,5.000000000000000000e+08,1.000000000000000000e+01,0.000000000000000000e+00,3.721242873664253636e+01,4.030098058219158247e+03,1.019756750633103781e+00
2.100000000000000000e+02,1.714285714285714235e+01,5.000000000000000104e-03,9.999999999999999547e-08,9.000000000000000000e+01,2.337881939042484388e+06,7.550469649682068317e-03,3.310568694525239247e-02,8.107214586904775351e+06,1.134328411595345824e+05,6.121327768188425398e+04,6.026009571091966936e+05,1.442214871268696879e+04,3.702958105839932337e+06,8.564712244522727360e+02,3.395219097453437280e+04,6.302968023021487953e-01,8.942255784204176106e-01,8.942255784204176106e-01,8.826519627868455453e-01,8.358277812824195518e-02,3.376525908491249950e-02,7.034552766733779272e-01,1.123511544354277442e-01,0.000000000000000000e+00,1.000000000000000078e-15,1.000000000000000062e-09,1.000000000000000021e-03,1.000000000000000000e+00,5.000000000000000000e+08,1.000000000000000000e+01,0.000000000000000000e+00,3.721242873664253636e+01,4.030098058219158247e+03,1.019756750633103781e+00
2.200000000000000000e+02,1.714285714285714235e+01,5.000000000000000104e-03,9.999999999999999547e-08,9.000000000000000000e+01,2.347513488103629556e+06,7.631704719988784309e-03,3.331545660438543777e-02,8.168853862545358017e+06,1.143787550896834291e+05,6.234228057968601934e+04,6.125944237084356137e+05,1.520869654438080579e+04,3.731613700806469191e+06,8.729048850843781793e+02,3.430568720223156561e+04,6.301102480581474152e-01,8.941910427479150547e-01,8.941910427479150547e-01,8.826142183682468279e-01,8.361308644732316775e-02,3.377269518443000440e-02,7.032578028705790407e-01,1.124813407299082579e-01,0.000000000000000000e+00,1.000000000000000078e-15,1.000000000000000062e-09,1.000000000000000021e-03,1.000000000000000000e+00,5.000000000000000000e+08,1.000000000000000000e+01,0.000000000000000000e+00,3.721242873664253636e+01,4.030098058219158247e+03,1.019756750633103781e+00
2.000000000000000000e+02,1.857142857142857295e+01,5.000000000000000104e-03,9.999999999999999547e-08,9.000000000000000000e+01,1.516555833669575863e+06,8.279136550086291929e-03,3.669342780751133626e-02,5.548059634387643076e+06,9.902550590166199254e+04,4.593314330111712479e+04,4.450688236200616811e+05,1.355644228483912411e+04,2.520213148350456730e+06,8.198456853012356760e+02,2.948045298757400451e+04,6.205048156055766873e-01,8.821462114635819640e-01,8.821462114635819640e-01,8.691212833932520088e-01,9.375356930797955346e-02,3.712514729876843778e-02,7.009921615460876776e-01,1.200765858529609931e-01,0.000000000000000000e+00,1.000000000000000078e-15,1.000000000000000062e-09,1.000000000000000021e-03,1.000000000000000000e+00,5.000000000000000000e+08,1.000000000000000000e+01,0.000000000000000000e+00,3.864100016521396697e+01,4.030098058219158247e+03,1.019756750633103781e+00
2.100000000000000000e+02,1.857142857142857295e+01,5.000000000000000104e-03,9.999999999999999547e-08,9.000000000000000000e+01,0.000000000000000000e+00,1.024191253975790215e-02,5.000000000000000000e-01,4.001539429686665535e+05,2.139446326330816839e+06,4.098341686324354669e+03,3.824489345923084329e+04,2.027540396635408570e+03,1.000000000000000036e-10,2.191202215778656682e+04,1.000000000000000036e-10,3.771485872699292252e-01,3.019084331140441391e-01,3.019084331140441391e-01,7.504944128667101477e-01,2.265343848134437205e-02,2.268521486519454733e-01,4.878329667939692582e-01,4.870197205580785171e-01,0.000000000000000000e+00,1.000000000000000078e-15,1.000000000000000062e-09,1.000000000000000021e-03,1.000000000000000000e+00,5.000000000000000000e+08,1.000000000000000000e+01,0.000000000000000000e+00,3.864100016521396697e+01,4.030098058219158247e+03,1.019756750633103781e+00
2.200000000000000000e+02,1.857142857142857295e+01,5.000000000000000104e-03,9.999999999999999547e-08,9.000000000000000000e+01,1.525431775790461572e+06,8.502053406925173112e-03,3.729196796352518550e-02,5.641950216671597213e+06,1.017973919116677716e+05,4.796816206135497487e+04,4.626452688975399360e+05,1.506967343735611212e+04,2.561799179784339387e+06,8.654868627186922367e+02,3.041753758919167740e+04,6.210167632978100816e-01,8.815823141283811726e-01,8.815823141283811726e-01,8.699603154446783337e-01,9.299211116889405382e-02,3.704757338642761244e-02,7.010240602423214451e-01,1.199419023279667817e-01,0.000000000000000000e+00,1.000000000000000078e-15,1.000000000000000062e-09,1.000000000000000021e-03,1.000000000000000000e+00,5.000000000000000000e+08,1.000000000000000000e+01,0.000000000000000000e+00,3.864100016521396697e+01,4.030098058219158247e+03,1.019756750633103781e+00
2.000000000000000000e+02,2.000000000000000000e+01,5.000000000000000104e-03,9.999999999999999547e-08,9.000000000000000000e+01,9.608287107290847925e+05,9.409596044434052897e-03,4.170265155417034186e-02,3.811829515693366528e+06,8.965158949209167622e+04,3.586777593292527308e+04,3.398236321584564866e+05,1.334562913421443773e+04,1.716854165067508118e+06,8.435852418620113440e+02,2.659633417322092282e+04,6.117900322798743851e-01,8.670319329270230746e-01,8.670319329270230746e-01,8.554827632708700280e-01,1.036006979037740749e-01,4.091653882535589704e-02,6.997301987997238681e-01,1.272472920873163049e-01,0.000000000000000000e+00,1.000000000000000078e-15,1.000000000000000062e-09,1.000000000000000021e-03,1.000000000000000000e+00,5.000000000000000000e+08,1.000000000000000000e+01,0.000000000000000000e+00,4.006957159378539757e+01,4.030098058219158247e+03,1.019756750633103781e+00
2.100000000000000000e+02,2.000000000000000000e+01,5.000000000000000104e-03,9.999999999999999547e-08,9.000000000000000000e+01,9.616056253952748375e+05,9.567515037521913054e-03,4.210242349434941550e-02,3.843637128411053680e+06,9.095330510232942470e+04,3.677405602485030249e+04,3.473808716163927456e+05,1.408349340518705503e+04,1.731149705053935759e+06,8.701971142788554516e+02,2.707124419232685977e+04,6.116683204044708333e-01,8.666795949701011637e-01,8.666795949701011637e-01,8.554483174925145983e-01,1.037974909752179681e-01,4.075419153226743363e-02,6.995391490409910151e-01,1.276401983586754052e-01,0.000000000000000000e+00,1.000000000000000078e-15,1.000000000000000062e-09,1.000000000000000021e-03,1.000000000000000000e+00,5.000000000000000000e+08,1.000000000000000000e+01,0.000000000000000000e+00,4.006957159378539757e+01,4.030098058219158247e+03,1.019756750633103781e+00
2.200000000000000000e+02,2.000000000000000000e+01,5.000000000000000104e-03,9.999999999999999547e-08,9.000000000000000000e+01,9.608678869388492312e+05,9.725160699341503165e-03,4.253707742792273150e-02,3.872925030759949703e+06,9.222605706084264966e+04,3.766481830064264796e+04,3.547601864294731058e+05,1.482519101794253402e+04,1.743594216692375951e+06,8.969132255833338832e+02,2.751585299873174517e+04,6.118695144673852448e-01,8.663148854844194835e-01,8.663148854844194835e-01,8.554606995245355172e-01,1.037811361102302932e-01,4.075816436523418962e-02,6.997556761729284425e-01,1.277306717682081816e-01,0.000000000000000000e+00,1.000000000000000078e-15,1.000000000000000062e-09,1.000000000000000021e-03,1.000000000000000000e+00,5.000000000000000000e+08,1.000000000000000000e+01,0.000000000000000000e+00,4.006957159378539757e+01,4.030098058219158247e+03,1.019756750633103781e+00
2.000000000000000000e+02,2.142857142857143060e+01,5.000000000000000104e-03,9.999999999999999547e-08,9.000000000000000000e+01,5.832093131486172788e+05,1.101150877525096210e-02,4.813896820675046817e-02,2.588733102693372872e+06,8.290892197879523155e+04,2.850585727709072671e+04,2.625360177604670753e+05,1.302094136366484963e+04,1.154413882595483912e+06,9.129523219161010275e+02,2.469991672963521705e+04,6.012553730338013880e-01,8.482048940817978888e-01,8.482048940817978888e-01,8.386275819816126909e-01,1.162702191603817159e-01,4.510219885800559325e-02,6.982169672475126987e-01,1.351280336954797101e-01,0.000000000000000000e+00,1.000000000000000078e-15,1.000000000000000062e-09,1.000000000000000021e-03,1.000000000000000000e+00,5.000000000000000000e+08,1.000000000000000000e+01,0.000000000000000000e+00,4.149814302235682817e+01,4.030098058219158247e+03,1.019756750633103781e+00
2.100000000000000000e+02,2.142857142857143060e+01,5.000000000000000104e-03,9.999999999999999547e-08,9.000000000000000000e+01,0.000000000000000000e+00,1.484039815756948988e-02,5.000000000000000000e-01,1.850024865919379285e+06,1.772527456785384129e+04,2.745510561164769751e+04,2.390588821971030266e+05,1.528630796032863145e+04,1.003320820867867093e+06,2.630501320391915101e+02,1.000000000000000036e-10,3.663848851862331335e-01,9.108437888844740371e-01,9.108437888844740371e-01,8.492251054627423246e-01,1.390306029926390019e-01,1.174429154461867353e-02,3.874078370400077520e-01,2.689222596611999805e-01,0.000000000000000000e+00,1.000000000000000078e-15,1.000000000000000062e-09,1.000000000000000021e-03,1.000000000000000000e+00,5.000000000000000000e+08,1.000000000000000000e+01,0.000000000000000000e+00,4.149814302235682817e+01,4.030098058219158247e+03,1.019756750633103781e+00
2.200000000000000000e+02,2.142857142857143060e+01,5.000000000000000104e-03,9.999999999999999547e-08,9.000000000000000000e+01,5.779560367499931017e+05,1.145832209602249720e-02,4.932089559105488907e-02,2.625665867986245546e+06,8.578274141298244649e+04,3.008572523191888467e+04,2.750724490534366341e+05,1.445203327181451095e+04,1.170745336363094160e+06,9.829262813897610158e+02,2.573009523018310574e+04,6.009575857792219811e-01,8.469187561908593231e-01,8.469187561908593231e-01,8.388822732460911036e-01,1.159054125293136617e-01,4.521231422459523475e-02,6.976727676685465784e-01,1.353885734332797575e-01,0.000000000000000000e+00,1.000000000000000078e-15,1.000000000000000062e-09,1.000000000000000021e-03,1.000000000000000000e+00,5.000000000000000000e+08,1.000000000000000000e+01,0.000000000000000000e+00,4.149814302235682817e+01,4.030098058219158247e+03,1.019756750633103781e+00
2.000000000000000000e+02,2.285714285714285765e+01,5.000000000000000104e-03,9.999999999999999547e-08,9.000000000000000000e+01,0.000000000000000000e+00,2.158692953556285571e-02,5.000000000000000000e-01,1.173930678729720181e+06,7.372732715725509252e+02,2.534155884137394605e+04,2.046184286206984834e+05,2.561515880690161794e+04,6.347448410576275783e+05,1.591546616189055641e+01,1.000000000000000036e-10,2.802024931631096338e-01,9.755519942123163091e-01,9.755519942123163091e-01,8.562010734933140910e-01,4.727826309937922106e-02,9.652066340730669491e-02,3.147364593379372577e-01,2.268441797013424355e-01,0.000000000000000000e+00,1.000000000000000078e-15,1.000000000000000062e-09,1.000000000000000021e-03,1.000000000000000000e+00,5.000000000000000000e+08,1.000000000000000000e+01,0.000000000000000000e+00,4.292671445092825877e+01,4.030098058219158247e+03,1.019756750633103781e+00
2.100000000000000000e+02,2.285714285714285765e+01,5.000000000000000104e-03,9.999999999999999547e-08,9.000000000000000000e+01,3.275253383239555988e+05,1.357414294931551246e-02,5.727514471501937710e-02,1.743756515653152950e+06,8.153539569759070582e+04,2.367000021227623074e+04,2.096591678608363145e+05,1.315297489217949624e+04,7.670996130687718978e+05,1.106773116628101207e+03,2.462527727451324245e+04,5.904190399292319480e-01,8.222081169237096532e-01,8.222081169237096532e-01,8.212378887246049031e-01,1.287856867225769808e-01,4.997642455281811613e-02,6.965941523623094822e-01,1.424811204744411697e-01,0.000000000000000000e+00,1.000000000000000078e-15,1.000000000000000062e-09,1.000000000000000021e-03,1.000000000000000000e+00,5.000000000000000000e+08,1.000000000000000000e+01,0.000000000000000000e+00,4.292671445092825877e+01,4.030098058219158247e+03,1.019756750633103781e+00
2.200000000000000000e+02,2.285714285714285765e+01,5.000000000000000104e-03,9.999999999999999547e-08,9.000000000000000000e+01,0.000000000000000000e+00,1.729043985195841474e-02,5.000000000000000000e-01,2.289453432501973875e+05,7.777694371897301171e+05,3.958565686853511579e+03,3.344780896865666000e+04,1.868923617047177231e+03,1.000000000000000036e-10,1.344797567242057812e+04,1.000000000000000036e-10,4.171148785606844100e-01,3.517231656063153356e-01,3.517231656063153356e-01,7.123016114515420272e-01,2.414017986848179254e-01,4.629658986364004747e-02,4.405519589776374367e-01,4.279545919525779007e-01,0.000000000000000000e+00,1.000000000000000078e-15,1.000000000000000062e-09,1.000000000000000021e-03,1.000000000000000000e+00,5.000000000000000000e+08,1.000000000000000000e+01,0.000000000000000000e+00,4.292671445092825877e+01,4.030098058219158247e+03,1.019756750633103781e+00
2.000000000000000000e+02,2.428571428571428470e+01,5.000000000000000104e-03,9.999999999999999547e-08,9.000000000000000000e+01,0.000000000000000000e+00,2.221345679658580374e-02,5.000000000000000000e-01,3.130751503616059199e+05,2.809986796545684920e+05,6.954481326642136992e+03,5.581673320282284840e+04,4.252545651251214622e+03,1.000000000000000036e-10,6.241952030404410834e+03,1.000000000000000036e-10,3.742585377840665362e-01,5.135083729695844035e-01,5.135083729695844035e-01,7.248642727863847668e-01,2.439771977453465412e-01,3.115852946826869196e-02,3.931999520669399728e-01,3.657798404692303995e-01,0.000000000000000000e+00,1.000000000000000078e-15,1.000000000000000062e-09,1.000000000000000021e-03,1.000000000000000000e+00,5.000000000000000000e+08,1.000000000000000000e+01,0.000000000000000000e+00,4.435528587949968227e+01,4.030098058219158247e+03,1.019756750633103781e+00
2.100000000000000000e+02,2.428571428571428470e+01,5.000000000000000104e-03,9.999999999999999547e-08,9.000000000000000000e+01,0.000000000000000000e+00,1.356037175793139114e-02,5.000000000000000000e-01,2.551862907008549664e+06,9.946425723145583220e+01,3.460420969431143749e+04,3.065691012953472091e+05,1.468659597235024739e+04,7.581431230424989481e+05,1.348772304685056822e+00,1.000000000000000036e-10,8.218078808756462683e-01,9.937955697206335426e-01,9.937955697206335426e-01,9.195261776510901264e-01,5.299930451372897311e-02,2.747451783518090052e-02,8.755825356059827591e-01,3.148497672739240527e-01,0.000000000000000000e+00,1.000000000000000078e-15,1.000000000000000062e-09,1.000000000000000021e-03,1.000000000000000000e+00,5.000000000000000000e+08,1.000000000000000000e+01,0.000000000000000000e+00,4.435528587949968227e+01,4.030098058219158247e+03,1.019756750633103781e+00
2.200000000000000000e+02,2.428571428571428470e+01,5.000000000000000104e-03,9.999999999999999547e-08,9.000000000000000000e+01,1.594553893082338327e+05,1.737946232963045665e-02,6.900070404284076864e-02,1.131343503386937315e+06,8.505603385977233120e+04,1.966214179898542352e+04,1.659643469955211622e+05,1.285926826689597692e+04,4.904497868399188737e+05,1.478228136373685174e+03,2.651758031574801862e+04,5.751321312127880558e-01,7.848108699519282805e-01,7.848108699519282805e-01,8.019076056360641136e-01,1.422585071040866900e-01,5.583388725984919643e-02,6.906536253715432894e-01,1.496693350763758090e-01,0.000000000000000000e+00,1.000000000000000078e-15,1.000000000000000062e-09,1.000000000000000021e-03,1.000000000000000000e+00,5.000000000000000000e+08,1.000000000000000000e+01,0.000000000000000000e+00,4.435528587949968227e+01,4.030098058219158247e+03,1.019756750633103781e+00
2.000000000000000000e+02,2.571428571428571530e+01,5.000000000000000104e-03,9.999999999999999547e-08,9.000000000000000000e+01,6.771953603160634520e+04,2.112265790136732407e-02,7.989434863111410934e-02,6.925260007285065949e+05,8.692409286357412930e+04,1.462798980119030421e+04,1.186505652931087971e+05,1.040484283554318972e+04,2.945901572497439920e+05,1.836067876943961437e+03,2.794162488401031806e+04,5.575989855453983290e-01,7.383973356927990839e-01,7.383973356927990839e-01,7.800057713576994400e-01,1.577001939994594204e-01,6.229403464284113956e-02,6.832882907476865997e-01,1.561835444612670321e-01,0.000000000000000000e+00,1.000000000000000078e-15,1.000000000000000062e-09,1.000000000000000021e-03,1.000000000000000000e+00,5.000000000000000000e+08,1.000000000000000000e+01,0.000000000000000000e+00,4.578385730807111287e+01,4.030098058219158247e+03,1.019756750633103781e+00
2.100000000000000000e+02,2.571428571428571530e+01,5.000000000000000104e-03,9.999999999999999547e-08,9.000000000000000000e+01,0.000000000000000000e+00,2.817375635182949728e-02,2.211711733917749445e-01,5.288145369262980530e+05,5.354423775148647110e+04,1.489869191866706387e+04,1.135749910321909847e+05,1.591201931843922648e+04,2.029062015040708648e+05,1.508542308454810609e+03,8.308094322453154746e+03,3.938977976401065173e-01,7.586083276770770878e-01,7.586083276770770878e-01,6.088025141810560203e-01,2.163503093799839724e-02,3.695624548809455789e-01,6.416714275755472929e-01,1.500630742461176170e-01,0.000000000000000000e+00,1.000000000000000078e-15,1.000000000000000062e-09,1.000000000000000021e-03,1.000000000000000000e+00,5.000000000000000000e+08,1.000000000000000000e+01,0.000000000000000000e+00,4.578385730807111287e+01,4.030098058219158247e+03,1.019756750633103781e+00
2.200000000000000000e+02,2.571428571428571530e+01,5.000000000000000104e-03,9.999999999999999547e-08,9.000000000000000000e+01,5.994169613890539767e+04,2.240394557513801163e-02,8.224542321169403536e-02,6.859594196646212367e+05,9.486194996733032167e+04,1.536819750491942978e+04,1.231232019830579084e+05,1.126071126537856071e+04,2.916491966729981941e+05,2.125281964219534075e+03,3.103597929997601386e+04,5.558296228698550445e-01,7.289294629255190783e-01,7.289294629255190783e-01,7.814034860668959137e-01,1.563740024547702889e-01,6.222251147833379736e-02,6.800490454588278277e-01,1.562723193641484820e-01,0.000000000000000000e+00,1.000000000000000078e-15,1.000000000000000062e-09,1.000000000000000021e-03,1.000000000000000000e+00,5.000000000000000000e+08,1.000000000000000000e+01,0.000000000000000000e+00,4.578385730807111287e+01,4.030098058219158247e+03,1.019756750633103781e+00
2.000000000000000000e+02,2.714285714285714235e+01,5.000000000000000104e-03,9.999999999999999547e-08,9.000000000000000000e+01,1.243536291413725485e+04,2.800342706818328628e-02,9.417158335741690478e-02,3.660016673989830888e+05,1.116218666994439991e+05,1.024930099984089975e+04,7.823747968438146927e+04,7.981416082633782935e+03,1.508811494716968446e+05,3.125794803332356423e+03,3.900659024603380385e+04,5.302023647876402679e-01,6.442275039290291661e-01,6.442275039290291661e-01,7.553326462323367574e-01,1.738393993467638177e-01,7.082795442089942495e-02,6.646699320333208094e-01,1.619625140195171120e-01,0.000000000000000000e+00,1.000000000000000078e-15,1.000000000000000062e-09,1.000000000000000021e-03,1.000000000000000000e+00,5.000000000000000000e+08,1.000000000000000000e+01,0.000000000000000000e+00,4.721242873664253636e+01,4.030098058219158247e+03,1.019756750633103781e+00
2.100000000000000000e+02,2.714285714285714235e+01,5.000000000000000104e-03,9.999999999999999547e-08,9.000000000000000000e+01,0.000000000000000000e+00,1.919684169408468477e-02,1.737843279751094538e-01,1.806594702482781140e+05,6.532169490855057957e+05,3.468091250893397046e+03,2.869090999611598090e+04,1.000000000000000036e-10,7.516501383786163387e+03,1.253970236348742947e+04,9.227674347938329447e+04,9.231375856058797735e-01,3.446482653865665657e-01,3.446482653865665657e-01,9.217861558153819246e-01,6.589750891504282670e-02,1.231633526957524871e-02,9.666388433678667624e-01,4.871698891892161098e-01,0.000000000000000000e+00,1.000000000000000078e-15,1.000000000000000062e-09,1.000000000000000021e-03,1.000000000000000000e+00,5.000000000000000000e+08,1.000000000000000000e+01,0.000000000000000000e+00,4.721242873664253636e+01,4.030098058219158247e+03,1.019756750633103781e+00
2.200000000000000000e+02,2.714285714285714235e+01,5.000000000000000104e-03,9.999999999999999547e-08,9.000000000000000000e+01,0.000000000000000000e+00,2.293296203036585684e-02,5.000000000000000000e-01,1.030029949337201309e+06,1.080598819461088715e+04,2.362163771828970494e+04,1.883129061628672061e+05,1.437536361028535794e+04,3.377864724239481147e+05,2.478133169675931526e+02,1.000000000000000036e-10,7.480627767207547185e-01,9.070909242429026076e-01,9.070909242429026076e-01,8.911966286717835084e-01,6.779874808931833641e-02,4.100462323889815519e-02,8.220437957346771185e-01,2.280295400305478448e-01,0.000000000000000000e+00,1.000000000000000078e-15,1.000000000000000062e-09,1.000000000000000021e-03,1.000000000000000000e+00,5.000000000000000000e+08,1.000000000000000000e+01,0.000000000000000000e+00,4.721242873664253636e+01,4.030098058219158247e+03,1.019756750633103781e+00
2.000000000000000000e+02,2.857142857142857295e+01,5.000000000000000104e-03,9.999999999999999547e-08,9.000000000000000000e+01,0.000000000000000000e+00,3.204961179312369041e-02,1.892167221993500958e-01,1.700824202422939416e+05,2.044566647596204421e+05,5.451075541600443103e+03,4.036049554388601246e+04,2.619890611897428698e+03,2.939345385194326082e+04,6.552756734062666510e+03,4.010650110857861728e+04,6.191052691423449827e-01,4.770071156793769251e-01,4.770071156793769251e-01,8.961820242147828797e-01,7.498493007920574438e-02,2.883304570601137595e-02,6.584500254380724060e-01,3.869336474719721197e-01,0.000000000000000000e+00,1.000000000000000078e-15,1.000000000000000062e-09,1.000000000000000021e-03,1.000000000000000000e+00,5.000000000000000000e+08,1.000000000000000000e+01,0.000000000000000000e+00,4.864100016521396697e+01,4.030098058219158247e+03,1.019756750633103781e+00
2.100000000000000000e+02,2.857142857142857295e+01,5.000000000000000104e-03,9.999999999999999547e-08,9.000000000000000000e+01,0.000000000000000000e+00,3.966744809895405427e-02,5.000000000000000000e-01,1.863619098516092345e+05,1.219558802613735024e+05,7.392501386660664139e+03,5.204861283479094709e+04,1.000000000000000036e-10,1.000000000000000036e-10,4.837678550630288555e+03,1.000000000000000036e-10,4.924126370624288818e-01,5.528062410765295365e-01,5.528062410765295365e-01,9.358790934064000755e-01,6.409993323023971401e-02,2.097336336021049519e-05,4.941233115229242689e-01,4.675973707449402328e-01,0.000000000000000000e+00,1.000000000000000078e-15,1.000000000000000062e-09,1.000000000000000021e-03,1.000000000000000000e+00,5.000000000000000000e+08,1.000000000000000000e+01,0.000000000000000000e+00,4.864100016521396697e+01,4.030098058219158247e+03,1.019756750633103781e+00
2.200000000000000000e+02,2.857142857142857295e+01,5.000000000000000104e-03,9.999999999999999547e-08,9.000000000000000000e+01,0.000000000000000000e+00,2.975281486386303215e-02,1.341498866916182031e-01,2.739337224527931539e+05,1.808304093678812205e+05,8.150299329106794175e+03,6.137617440649306081e+04,5.043118356875297650e+03,7.655912882211792748e+04,5.380213691679133262e+03,4.600358771476211405e+04,7.365217459445256853e-01,5.517300528763249279e-01,5.517300528763249279e-01,7.899404956474576078e-01,1.537733035231985401e-01,5.628620082934385205e-02,9.115327053751021147e-01,1.070741701219008052e-01,0.000000000000000000e+00,1.000000000000000078e-15,1.000000000000000062e-09,1.000000000000000021e-03,1.000000000000000000e+00,5.000000000000000000e+08,1.000000000000000000e+01,0.000000000000000000e+00,4.864100016521396697e+01,4.030098058219158247e+03,1.019756750633103781e+00
2.000000000000000000e+02,3.000000000000000000e+01,5.000000000000000104e-03,9.999999999999999547e-08,9.000000000000000000e+01,0.000000000000000000e+00,3.933662190267183528e-02,5.000000000000000000e-01,4.426385444074450643e+05,1.011007643441752407e+04,1.741190506090468261e+04,1.228415290037048107e+05,9.731100639347610922e+03,1.347951984750055999e+05,3.976962541077947435e+02,1.000000000000000036e-10,6.644985680830792774e-01,8.687111089015084886e-01,8.687111089015084886e-01,8.534911430412359667e-01,1.340207496732767900e-01,1.248810728548724325e-02,7.390669399029581310e-01,2.515392642072128981e-01,0.000000000000000000e+00,1.000000000000000078e-15,1.000000000000000062e-09,1.000000000000000021e-03,1.000000000000000000e+00,5.000000000000000000e+08,1.000000000000000000e+01,0.000000000000000000e+00,5.006957159378539757e+01,4.030098058219158247e+03,1.019756750633103781e+00
2.100000000000000000e+02,3.000000000000000000e+01,5.000000000000000104e-03,9.999999999999999547e-08,9.000000000000000000e+01,0.000000000000000000e+00,3.638382120051445595e-02,1.747246317508653057e-01,1.096827251498276455e+05,2.402902474416039768e+05,3.990676660636499037e+03,2.868559875560790897e+04,2.280820911396504471e+03,1.906504880985764612e+04,7.839208540637120677e+03,5.318337129615136655e+04,7.623391744541497816e-01,4.032051721777913378e-01,4.032051721777913378e-01,7.933792353582364010e-01,1.280477983030126332e-01,7.857296633875096581e-02,9.028953696974058030e-01,3.592466020093026957e-01,0.000000000000000000e+00,1.000000000000000078e-15,1.000000000000000062e-09,1.000000000000000021e-03,1.000000000000000000e+00,5.000000000000000000e+08,1.000000000000000000e+01,0.000000000000000000e+00,5.006957159378539757e+01,4.030098058219158247e+03,1.019756750633103781e+00
2.200000000000000000e+02,3.000000000000000000e+01,5.000000000000000104e-03,9.999999999999999547e-08,9.000000000000000000e+01,0.000000000000000000e+00,6.869904172795629482e-02,5.000000000000000000e-01,2.729189411450309562e+05,4.260846938440263330e+03,1.874926972607212883e+04,1.143033231339983613e+05,2.314278016462790038e+04,7.578947993050151854e+04,2.927161016203424992e+02,1.000000000000000036e-10,3.602489764447839304e-01,8.889295636811753720e-01,8.889295636811753720e-01,6.322816424353054909e-01,1.027240688767664806e-01,2.649942886879280146e-01,5.085043764462278126e-01,3.770391354560341801e-01,0.000000000000000000e+00,1.000000000000000078e-15,1.000000000000000062e-09,1.000000000000000021e-03,1.000000000000000000e+00,5.000000000000000000e+08,1.000000000000000000e+01,0.000000000000000000e+00,5.006957159378539757e+01,4.030098058219158247e+03,1.019756750633103781e+00
